country_code,year,tot_views,richness,exp_shannon,inv_simpson,lex_div_q_0,lex_div_q_1,lex_div_q_2
AD,2015,3716000,40,4.7823641873402964,3.0469783433857365,2.4834744036924072,2.248810286694026,2.0883185821357713
AD,2016,6001000,39,4.739748207293125,3.058892946139719,2.467209752193834,2.241786594395875,2.0849536103228
AD,2017,6310000,38,5.018728216637134,3.268418793919062,2.531321687869429,2.3113269451201224,2.158300278067938
AD,2018,6565000,32,4.847561488894889,3.1120418762729543,2.516807057597222,2.2775058344766017,2.1104774661027634
AD,2019,6750000,38,5.282497052470515,3.372524317334461,2.534581926057595,2.321643798390335,2.17489990505567
AD,2020,7245000,34,4.729139252994255,3.142911827084726,2.442251677193321,2.244362190508101,2.1049123854368306
AD,2021,6611000,34,4.907042475835256,3.375420630854956,2.517209244174162,2.3289164019678164,2.2019822178367208
AD,2022,6590000,37,5.332809651951188,3.5408182150984224,2.6440224712983125,2.4431151048590976,2.3125503797701414
AD,2023,6650000,138,6.138902471074731,3.610009430228711,2.804076575126428,2.533253997848639,2.374376496840226
AD,2024,7131000,42,5.529155344459924,3.6151557947278232,2.7092349652440335,2.5032714786866324,2.3785210035558824
AE,2015,283364000,266,2.2437993271498855,1.4482601512046969,2.012514740560908,1.5540150364227785,1.3706959742799476
AE,2016,439814000,248,2.2614274849715574,1.4753735021798025,2.0273623389032864,1.5783173094811156,1.3922326524319741
AE,2017,441816000,230,2.581784977335109,1.6142741869374282,2.2323029739762097,1.7270660407500174,1.498351191352664
AE,2018,468430000,282,3.1022061420562568,1.8897762823114759,2.4903056877813547,1.975060466643548,1.6980566494235536
AE,2019,427042000,280,2.6788512973737464,1.6587015812062706,2.2687290031812712,1.7656399230851647,1.5326589208731765
AE,2020,452482000,272,2.4117729589071093,1.6028739840990198,2.1136216649270385,1.6900305085885325,1.495853573315061
AE,2021,409907000,250,2.4982957813494377,1.6401659865915887,2.1759193529619054,1.728822512339894,1.5246280775159216
AE,2022,406610000,298,2.6064060628697137,1.6389956627073352,2.2303895918458614,1.7412431382529936,1.5213191461745665
AE,2023,181559000,248,2.805051528032654,1.6969379981024277,2.3229129036470457,1.8033008882435533,1.5626619062722038
AF,2015,47805000,73,1.7158304325214853,1.3065580457542885,1.6632415347245626,1.3730922640804142,1.2560336423779197
AF,2016,241501000,73,1.2434794700886458,1.0876252212714974,1.2766696736464862,1.1211309905959492,1.0753367560136122
AF,2017,279765000,82,1.2932934928766937,1.1128701373353271,1.3349880387326025,1.1536659921147743,1.097029539007393
AF,2018,175126000,73,1.4335380460908822,1.1791899571733895,1.4649249281192913,1.2337018639671458,1.1526441299609043
AF,2019,98554000,65,1.6726774452297373,1.3104141116564947,1.6445757042259377,1.3736749521764693,1.2600511661869855
AF,2020,34615000,292,3.4787247863816804,2.2639157540339516,2.3436682658329837,2.0622720447167007,1.9398144527547698
AF,2021,33475000,252,4.266190491678202,2.507700689507595,2.5394889085624683,2.2149313166318834,2.0841898719758816
AF,2022,32912000,261,5.8511354892475795,2.731262946774405,2.899547656345993,2.4174770032645054,2.206333093227761
AF,2023,11475000,155,3.8106689632670787,2.4297536952793917,2.4487774898692454,2.162835656315261,2.037278034253628
AG,2015,3353000,15,1.3418214077858623,1.0976296603653848,1.3137694508012596,1.1294028093369124,1.0796456196962085
AG,2016,4923000,19,1.4157782765333564,1.1199661162584247,1.365108977819292,1.155227836000093,1.0965260416493123
AG,2017,5520000,33,1.6140960372283302,1.1747207424353534,1.5054249885659718,1.2233254750392404,1.139736128095222
AG,2018,4774000,67,1.8557901372219625,1.2174776016599225,1.6652034560227047,1.2845537681615253,1.1745862454763862
AG,2019,4032000,99,2.1539908502415135,1.2888944351270115,1.7765884984545586,1.3550140552142496,1.2231490337567545
AG,2020,2619000,75,2.3141695132457007,1.3113007228138978,1.887233850021465,1.3916760359759972,1.2413642230507307
AG,2021,2532000,15,1.4112031012499895,1.1191578294668911,1.3884681097492098,1.1572939475104163,1.096240242894128
AG,2022,3280000,21,1.5633576559466555,1.1604577974945913,1.5166719691385964,1.2127632014358136,1.129813223688082
AG,2023,2762000,20,1.5499679750187174,1.1579904156603922,1.4752919794806298,1.2030104116947957,1.1259794342089304
AG,2024,2763000,38,1.666706920531355,1.1789437645154426,1.6414133193077354,1.2466680060929765,1.1462974580855962
AI,2015,328000,8,1.6783294676976697,1.2415639569773347,1.714610812717838,1.3211810141150986,1.1993900218883464
AI,2016,603000,9,1.6940502135769022,1.2480015651117373,1.587563942577567,1.2950684816686202,1.193366510442069
AI,2017,708000,66,2.9582036765340005,1.4612491910517187,2.1532663904637435,1.5579048509264823,1.3509111863958319
AI,2018,576000,8,1.7755202998172108,1.2769160899986913,1.7548343405567712,1.3529844688221555,1.2225400175301624
AI,2019,586000,8,2.0694842559278848,1.399069449084524,1.9061315690135845,1.4690380074078164,1.3072573928189135
AI,2020,1655000,20,1.773096206911067,1.227383349233755,1.6150020963150002,1.277762452021998,1.175664424672106
AI,2021,1262000,14,1.62963635822806,1.1966489345715745,1.6032608360583698,1.2579159690055022,1.1588873480472166
AI,2022,588000,12,1.9924787713749628,1.3404463191849016,1.9359911663537257,1.4369039404477792,1.273026709778997
AI,2023,629000,11,1.9487752914314733,1.327596447134856,1.8496014397550118,1.4080362475445551,1.259302080988434
AI,2024,696000,10,2.0691728840725063,1.4010180472003702,2.070305397331715,1.5266026771228007,1.3302633603262446
AL,2015,60151000,88,3.6086933833040256,2.286132787931178,2.517025866354077,2.160536748767127,1.9411133878984508
AL,2016,109602000,95,3.755288658704112,2.4511171320914507,2.5701158999308302,2.2506227079632475,2.0595856611224046
AL,2017,120351000,122,4.045175655339575,2.652481100937608,2.672831954111735,2.369608579579241,2.1902647486860207
AL,2018,129100000,120,3.9634093153982124,2.6493293956468733,2.645249881391885,2.3603570690897753,2.19362235403141
AL,2019,129025000,122,3.823119234875951,2.5773570251212656,2.5806477314316214,2.3059584559714885,2.1533920234503836
AL,2020,135515000,134,3.4896555672422034,2.450162643051107,2.469478644861796,2.2176529958279967,2.0925004012814052
AL,2021,121734000,114,3.480968388190012,2.440236777598851,2.46971503592231,2.214342729843506,2.081375401614117
AL,2022,102891000,121,3.4995336039782625,2.4195625670045233,2.4868977631501847,2.2119499336491555,2.0656209275303867
AL,2023,103137000,312,6.526094278577157,2.9913995578799133,3.2810756249581385,2.6956051272903623,2.374044901276413
AL,2024,91424000,265,4.589437509875982,2.5842639011428727,2.855163192180203,2.3983391451145697,2.14749882769806
AM,2015,59888000,125,3.732111371363011,2.930369311831707,2.680424799927968,2.5172954684544164,2.4023565609617528
AM,2016,100547000,137,3.72341497796336,2.9925321574248964,2.6863468420411993,2.546026255305347,2.4506791357981053
AM,2017,105891000,108,3.709419569045068,3.069167242419648,2.6872410781429283,2.577230245032281,2.50968653736684
AM,2018,106843000,91,3.6110052076544035,3.0343018434383153,2.664128107024009,2.561625715615786,2.5012145308882903
AM,2019,114079000,95,3.6304676153084254,3.021666183614432,2.6780764776311323,2.564698482585597,2.497826107818403
AM,2020,134380000,271,3.5130347939190427,2.8689488540184422,2.6338775605562335,2.496427689501665,2.412769562908539
AM,2021,136828000,210,3.4879420213103085,2.7939572020156094,2.633031158781054,2.4716612315793123,2.3669345809299975
AM,2022,162053000,252,3.6544793881471405,2.9043549458101183,2.670779769062674,2.5208373228707117,2.4300881690416096
AM,2023,184212000,289,3.981978558787856,3.053935119738104,2.752963213940082,2.598351195397314,2.511185339400404
AM,2024,173048000,246,3.7734210684011606,2.963661620502308,2.7214552439949977,2.5619341892933662,2.4644578345659163
AO,2015,120785000,184,1.809443414667715,1.2857724963953048,1.6234770770933962,1.3342459715643333,1.2252330721729907
AO,2016,265397000,204,1.698846144770159,1.2432998069291912,1.5609610110098322,1.2909569521860136,1.1935441106913587
AO,2017,254319000,149,1.7622623586716462,1.269501404922105,1.5962875748076826,1.316295855660769,1.2122183604281258
AO,2018,148855000,133,1.7803343919006447,1.2852374887013276,1.6188629307774292,1.3338253105678932,1.225269605830204
AO,2019,48363000,59,2.2778272415890624,1.5495009980326857,1.8583159807910579,1.5510818135855498,1.4044527099597408
AO,2020,41889000,67,2.612702040190616,1.7747451794818152,2.028625303204604,1.7336509407456482,1.577091331262453
AO,2021,42985000,77,2.365040492425673,1.6492852994214566,1.9569168398129924,1.6532824255715732,1.4997228223899288
AO,2022,41958000,100,2.366734437651783,1.706409198646704,1.9550946463675507,1.6869760423668676,1.5441096952148303
AO,2023,43181000,57,2.4356200257924896,1.833726203483661,1.981189411211838,1.7613569764037689,1.637935081280259
AO,2024,43582000,53,2.4648054605889014,1.8730841745792792,1.9914186070087465,1.7833616146290685,1.6658969672178492
AQ,2018,20000,2,1.2195906179141718,1.1049723756906078,1.4413935098107415,1.1673479914344178,1.0974056970053072
AQ,2019,116000,9,1.5972287265917462,1.196088888888889,1.5854302746105349,1.252200332510958,1.1562404977862162
AQ,2020,208000,11,1.8437000465055995,1.2753213064497118,1.8533013741559996,1.3720826494121103,1.2260685491661996
AQ,2021,46000,1,1,1,1,1,1
AQ,2023,15000,3,2.347230565787614,2.1028037383177574,2.2685616325192606,2.0689955454147975,1.9483863186168315
AQ,2024,210000,91,37.1061142910018,12.401574803149627,6.064561383116646,5.63034233948538,5.216275021805009
AR,2015,1169247000,264,1.5747320408634249,1.2700373697012837,1.5365154191206305,1.3169860944211955,1.222353824369596
AR,2016,1824174000,244,1.5759406005084278,1.2762164611684983,1.541851893945196,1.3230945750986003,1.2275120283867385
AR,2017,1733699000,285,1.6471222401551078,1.2946149333612067,1.5817578140872948,1.3441152530163796,1.2410772514581268
AR,2018,1727886000,271,1.7173599033243365,1.3432366838885699,1.6329766084257042,1.3914623350021285,1.2798478380107718
AR,2019,1707889000,284,1.670374945104301,1.3128461431709502,1.5958806322104016,1.3607744297397966,1.2557485097950387
AR,2020,1898985000,238,1.6092059643808527,1.2925354761957235,1.5665073464017474,1.3408112563824581,1.2411170147118273
AR,2021,1510979000,266,1.6135589941547255,1.3046189685091856,1.5761112865132554,1.353039041628517,1.2519854793956102
AR,2022,1416934000,264,1.6842324622741986,1.3506363207582532,1.6194583297076364,1.39540780816351,1.2882275657471514
AR,2023,1451834000,311,1.8386754483385535,1.392916353653757,1.6936672828656865,1.4389881231157517,1.3192957419281115
AR,2024,1342468000,264,1.7624677990638296,1.392168423297643,1.6634745524518946,1.4338448966599484,1.320562188765332
AS,2015,617000,7,1.3455449897965168,1.1154708290235906,1.4356723202955202,1.1608603793330619,1.0952527359158435
AS,2016,1050000,13,1.6971003578032717,1.2271707286667086,1.8035988710774749,1.3257587680991478,1.1922396914841689
AS,2017,984000,11,1.7635463591506204,1.253473975284093,1.8249632261389193,1.349891044801513,1.210507969144185
AS,2018,736000,11,1.6771983582013634,1.2395108735447022,1.8532288886460915,1.3541324601570928,1.208672146786986
AS,2019,624000,9,1.4670707285734792,1.156248700847493,1.6069973262297936,1.2306501432330863,1.1341372001413454
AS,2020,725000,15,1.8027900832789883,1.2461622352090471,1.7407836703243431,1.3138357903023776,1.192422051569266
AS,2021,567000,7,1.3177583679152725,1.109780556255545,1.508822427329529,1.1767601781377433,1.0991669167458986
AS,2022,548000,7,1.3341786015678594,1.1180259268359878,1.5386531556859822,1.1879898394334099,1.1058413697431537
AS,2023,524000,10,1.6287789919189148,1.20991636482211,1.8313050643999276,1.3198076456854702,1.1834452543943392
AS,2024,475000,14,1.6326728690178838,1.2068283081136306,1.8521423746139918,1.3214050282510759,1.1827140698262977
AT,2015,963945000,268,2.546282988944995,1.7089153483107815,1.9179633775318683,1.6043080126348368,1.4560895407570853
AT,2016,1235365000,193,2.234464351875191,1.545031930863233,1.6592365162956262,1.4165594825298709,1.3224040511655466
AT,2017,1202493000,245,2.287735365016614,1.5623180620440587,1.6877120267264736,1.4319781913238825,1.3330812924327617
AT,2018,1194504000,235,2.3738982239056003,1.6149599411937883,1.7146873774457931,1.4586912332266668,1.3580855877455178
AT,2019,1217514000,274,2.4837216767569474,1.6598897225599354,1.7501488516250179,1.4861368882160666,1.3810323333893015
AT,2020,1253688000,277,2.3956197851932357,1.6277374378862806,1.7179152593118197,1.4643642202898084,1.3640216652367965
AT,2021,1201659000,293,2.4304342671224326,1.643682562310826,1.7400788426975615,1.4762141027548117,1.3728465698782242
AT,2022,1136136000,302,2.6974888258452117,1.7491476511768496,1.847411043028768,1.5482805979069307,1.4290013423789316
AT,2023,1159523000,319,3.025286176248246,1.8769452759842955,1.9870358392565013,1.6366405927563503,1.4964118048379846
AT,2024,1112099000,340,3.5523649674692424,2.0618523663870896,2.227430462264591,1.7754699041270054,1.595881531621914
AU,2015,1917928000,268,1.310380175869564,1.0861294191727509,1.396842289467579,1.1329709675490207,1.075138099413012
AU,2016,2900348000,280,1.3214537558351709,1.0901049158182399,1.4099290961377569,1.1387333860193216,1.0785817089438476
AU,2017,2835468000,285,1.402110563689433,1.114735033261124,1.4956109288490171,1.1748100288067898,1.0998137731603783
AU,2018,2777146000,285,1.4067718602974053,1.117343978590601,1.504556762129847,1.1789369348292602,1.1022466934383017
AU,2019,2814860000,291,1.3786522218506072,1.1065071671696327,1.4713130655680509,1.1636059311086628,1.0929724603834226
AU,2020,3028576000,300,1.3881730193114228,1.1054443739917443,1.4749845337937995,1.163513359277345,1.0924801805108608
AU,2021,3035690000,297,1.326893874724685,1.0934655173567518,1.4376619969748572,1.147761090629358,1.0830236218819682
AU,2022,2857176000,313,1.3158347293316317,1.0877592398417206,1.4131775553447459,1.13818054652389,1.0776065595053976
AU,2023,2912837000,324,1.349365379637833,1.095379335785512,1.4406098442921091,1.149048515352925,1.0839502694006482
AU,2024,2931544000,328,1.3761219655695334,1.1087047586163612,1.4888170995568726,1.169890000917868,1.0961327791970603
AW,2015,4432000,21,2.493439941279544,1.6941606701908098,1.8652977641078359,1.563302529087591,1.4261681568319433
AW,2016,6976000,24,2.5251165382059617,1.7051638902252413,1.8737026421552798,1.5684029783540474,1.430214161978795
AW,2017,6738000,26,2.773821019958209,1.7988014446944143,1.981514706831076,1.6427593316932902,1.4847932290352084
AW,2018,6563000,27,2.7444328953565598,1.7739416502796703,1.9658619941153042,1.628305219948797,1.472815901479069
AW,2019,6509000,43,2.7409588149036446,1.747379811724483,1.947073045563154,1.6095493045265934,1.4575057703751593
AW,2020,6172000,60,2.8905415774138357,1.8103463942281195,2.0054034844940776,1.6564616210730287,1.4961604389661334
AW,2021,5989000,33,2.7232092256158666,1.7492900909449294,1.9487776206278702,1.6007196451902839,1.4498949240378463
AW,2022,5839000,34,2.6893181230694263,1.6945857279009113,1.935382944605901,1.577601514512393,1.4260318024449419
AW,2023,5691000,27,2.5077834798164704,1.631931189325947,1.863983595114104,1.5322584997100905,1.391984465937085
AW,2024,5727000,30,2.485194403835429,1.6138043635979662,1.8730503474587399,1.5341239882408666,1.390548726647135
AX,2015,2462000,28,3.2997392392041456,2.4353692080346434,2.0608783801331914,1.7563652481245755,1.641654299323731
AX,2016,3788000,23,3.1688309207508074,2.3730104522678883,2.0084564357537396,1.7223424702808707,1.6153397121482151
AX,2017,3543000,25,3.303738420369497,2.431077927704338,2.0890446284572133,1.7701393409146522,1.6483251961053174
AX,2018,3458000,25,3.4446536763725555,2.4671532846715327,2.1372191449115645,1.7853863581484115,1.6574858103045362
AX,2019,3739000,26,3.4504826726236484,2.480429703225719,2.124590145731289,1.7827038661519408,1.6579171297057087
AX,2020,3944000,26,3.4582397300047454,2.4917360945361695,2.143156039263753,1.7943765580969646,1.666879452172687
AX,2021,3997000,26,3.4586104894076386,2.5322645606318996,2.1519439261989044,1.8149232475235668,1.6861296102401877
AX,2022,3635000,28,3.625938817487107,2.5903291581250127,2.188262334367814,1.8444900187423134,1.7091605353379442
AX,2023,3588000,28,3.709982863955402,2.6048356942023148,2.2335044794212533,1.8649187745551632,1.7205033544374027
AX,2024,3626000,32,3.8433590112965024,2.6103618923277097,2.358602669112486,1.9056028086590282,1.7371017961994082
AZ,2015,101457000,129,4.501573808330312,3.8109927140530457,2.8947688515585033,2.8217051268872284,2.7752099378310784
AZ,2016,186537000,114,4.453321236099308,3.84775338956466,2.8769020369906704,2.8058540488248287,2.7619720236618277
AZ,2017,194589000,110,4.323411100217295,3.6348561001720587,2.84170740197745,2.733120778228912,2.655981270303716
AZ,2018,202913000,176,4.192227615855135,3.42722120672402,2.821477488050034,2.696171092096277,2.605275890972814
AZ,2019,212346000,187,4.0583352601882305,3.2444352551589977,2.7849299849939366,2.622234728148881,2.4989454149992976
AZ,2020,241773000,278,4.095632583589078,3.2484132698143506,2.786191069535214,2.6084408885841373,2.4740213973468976
AZ,2021,299228000,242,3.8394240121832675,2.943998483702387,2.712602386572117,2.4623086041521027,2.2736890288162432
AZ,2022,287158000,258,4.169707565079584,3.2659582032343364,2.8005040919229494,2.5926554370865236,2.43419595376299
AZ,2023,138150000,156,4.1009933279090545,3.257693010255458,2.7910890481757282,2.5766637748711534,2.4119352122917497
BA,2015,92582000,80,5.004028092811273,3.3818756045206113,2.0307047723846687,1.9449258764376405,1.9063989739549334
BA,2016,148703000,77,5.1734243810507365,3.5443543430506383,2.0387408605676574,1.952475112227183,1.9148493112967233
BA,2017,156304000,95,5.5184323379169085,3.8865174097189144,2.046174778477173,1.9622207122776272,1.9241628616736424
BA,2018,158150000,76,5.517028233457689,3.962983062683471,2.0292679231930926,1.9518392710003005,1.9149033910413251
BA,2019,150896000,179,5.360127277393774,3.828122909884294,2.03742959104006,1.9409766514105389,1.8988500134069255
BA,2020,173319000,96,5.218711488872841,3.8740157857123836,2.005162317460098,1.9013042624676217,1.856429223064025
BA,2021,167900000,96,4.933137682008073,3.6507952781559116,1.9796187933404321,1.9003384098198477,1.866576775056066
BA,2022,169227000,255,5.0970544350332,3.647690966085783,2.0096542343739254,1.921494657645498,1.8854672956547454
BA,2023,189025000,272,5.5488345022507986,3.6740447892631187,2.1171405827238767,1.9824728833761256,1.9302107148180914
BA,2024,170329000,110,5.112858093363183,3.5876546161421916,2.0281576267074213,1.9349790811987944,1.8980449037280407
BB,2015,10461000,26,1.188462564759929,1.0484783248938816,1.152067481391228,1.0614019558982084,1.0383247009219814
BB,2016,16269000,27,1.2130342398299794,1.0554871148340141,1.1755511438366013,1.07082345978801,1.0440799820191988
BB,2017,14550000,27,1.37301425306803,1.1186849999904884,1.3444506185813654,1.1535427575116433,1.0969612451829676
BB,2018,13022000,27,1.3539807337228857,1.1072606924542507,1.313116251526671,1.1383793933528725,1.0871778876453797
BB,2019,13050000,35,1.315525417418927,1.084364317528691,1.256639580341376,1.1083019148700792,1.0676605543429196
BB,2020,14733000,66,1.3939994077803812,1.0944748222796166,1.3194227287462594,1.1253456536420767,1.0762224505211413
BB,2021,12590000,32,1.229166269096994,1.056743802310978,1.2044053714439438,1.077074330762376,1.0464948678311314
BB,2022,12126000,32,1.4076728560807574,1.113533448932703,1.4198624400012343,1.1586882760102803,1.0942057620752121
BB,2023,11742000,36,1.4358381871455106,1.1145297550678221,1.3630430189490266,1.1471890135114509,1.090875255164428
BB,2024,10880000,35,1.2748749456786432,1.0695233549125014,1.2482857661778097,1.0941340131546629,1.0568023634558057
BD,2015,133307000,181,1.5665863804329496,1.2259380851870463,1.5926450812664572,1.2975541289588706,1.1940178260700152
BD,2016,310757000,234,1.7528837926643546,1.3240345265769546,1.717135001978545,1.402874499952586,1.2755327261640452
BD,2017,333286000,267,2.0312737024757226,1.4888716157904212,1.909407094708153,1.568340665229967,1.4078528626678228
BD,2018,346369000,173,2.09519957753779,1.6031858742380485,1.9405876644792863,1.6523959963344497,1.4992278379651829
BD,2019,385305000,194,2.0465941058115455,1.6315409125590832,1.871553113783215,1.6489375711823406,1.5236073249107396
BD,2020,462324000,296,2.181986835700222,1.6937152513816551,1.927904434779607,1.6968180340288062,1.571051964947881
BD,2021,552446000,288,2.18148520908158,1.7132817807000154,1.924791876131677,1.7072860175490907,1.5869351975855053
BD,2022,598348000,271,2.127607164698159,1.718008480128878,1.8994729843960794,1.703488771320754,1.5914127902903241
BD,2023,266830000,205,2.2124625862942255,1.75613697463735,1.9472963626199187,1.7364211835395662,1.6191593256893722
BE,2015,756265000,266,4.146530617958909,3.3548955074850926,2.318274649357595,2.203374721131505,2.154208569558634
BE,2016,1144691000,272,4.179649080891766,3.365723872188366,2.327813939245603,2.2111265584793367,2.1610529037762736
BE,2017,1126483000,285,4.336745205151404,3.4248513114386423,2.3682405920852987,2.23463707648784,2.176109477888956
BE,2018,1124181000,278,4.262128942327616,3.412039055910946,2.3451469866851977,2.2216381375377425,2.1659411475975108
BE,2019,1141341000,285,4.249277944578183,3.3955238956104967,2.339680583376133,2.2170523557571458,2.1619786141993482
BE,2020,1250840000,285,4.177295327663706,3.36339785209032,2.331333482728039,2.2119471691273045,2.160150752736146
BE,2021,1231102000,254,4.443416411518534,3.4718753259941546,2.4151609797246945,2.2686758076584868,2.203882387987543
BE,2022,1144964000,301,4.6953551088502214,3.574022824975397,2.5038467962712354,2.3273850174314403,2.248518910989851
BE,2023,1255615000,320,5.215227304820598,3.758226781663462,2.681321726964142,2.445700303483647,2.334133152616059
BE,2024,1203036000,327,4.531714018352518,3.4377705388811277,2.464516362486063,2.276676318615308,2.189601922734311
BF,2015,4958000,25,1.8826560882162615,1.386698711512001,1.7718204520932441,1.4456762713259732,1.3131739760541505
BF,2016,11637000,31,1.958733776432053,1.4472089557315853,1.7947335499746249,1.4939453368395028,1.3594008274019185
BF,2017,15351000,38,2.045588842426024,1.4546164086045124,1.836056298062737,1.5084720797298024,1.3639366113976341
BF,2018,14993000,49,2.0451463292115544,1.4350446025286414,1.8348509409229585,1.4952642491877153,1.3483125908019713
BF,2019,15524000,43,1.9025286346859887,1.3688112195427116,1.7528326121847773,1.4306989421259115,1.2986424138782167
BF,2020,14733000,46,1.8464548000536305,1.339416919475018,1.7264055485552983,1.4034532898861145,1.2766106043326642
BF,2021,17564000,54,1.7686849200392125,1.3043461620509593,1.6816620282536339,1.3688285765061645,1.2496254058942793
BF,2022,16426000,46,1.8478435391417996,1.3460911724177853,1.733726472334318,1.4102760058532415,1.2821351354014547
BF,2023,15506000,56,1.8906378488613254,1.3578033744963196,1.760804268486004,1.4242117943880843,1.291357884185997
BF,2024,17013000,43,1.7999226972763882,1.3301373129924898,1.7010594871347196,1.3918680475413832,1.2694286691919843
BG,2015,284688000,244,3.811788773348569,2.6034676535467463,2.478899659600301,2.162241198159573,2.0460853863358395
BG,2016,425639000,262,3.477767099006083,2.491927498845036,2.2701947729243077,2.053614674841053,1.966234804569737
BG,2017,453729000,285,3.377827008588607,2.4532231098699544,2.1952437170402734,2.016408488327515,1.944438085253298
BG,2018,557097000,205,2.956248917058118,2.311629422961216,2.043277675086187,1.9341744264913432,1.8874524677948186
BG,2019,579519000,283,2.9490228277285557,2.30024712977689,2.0517310884864646,1.9344888428213367,1.8866433363640596
BG,2020,532840000,299,2.94039363595927,2.255641840296268,2.0432931156186576,1.912338958336121,1.8537555970441364
BG,2021,518130000,283,2.898511588714264,2.2138971591909558,2.02994795310636,1.8930158375095054,1.8272384752792372
BG,2022,508265000,298,3.0230084790446123,2.298529329665474,2.067242691615163,1.928258198915036,1.8645932967713825
BG,2023,531173000,315,3.320938740024353,2.390654582697705,2.1731726669201383,1.9934387109153295,1.9160137253331306
BG,2024,601998000,321,3.2817943541870074,2.39998841486178,2.183735647296136,2.007726365207654,1.9402844727573259
BH,2015,38344000,226,2.4166760631739863,1.743946120797497,2.0253334365358606,1.7502437090198806,1.6056881272693144
BH,2016,60842000,160,2.284302216236521,1.7215748393140873,1.9853314873046146,1.7291043454337778,1.5912899003664438
BH,2017,56318000,64,2.486585182713771,1.8667755722482338,2.093224512761551,1.8373376803051022,1.6982992465768383
BH,2018,54032000,125,2.6231395829329798,1.9494027384787487,2.1433732973448296,1.893003481386445,1.7574745537799157
BH,2019,51384000,103,2.555009885843841,1.9585123596605425,2.0903406108325617,1.8785126661226208,1.7654259409251816
BH,2020,62954000,116,2.5688231432555333,2.021858666397861,2.0793333092795114,1.901330322332426,1.8119091411535133
BH,2021,64791000,121,2.601145154574533,2.0934096100598567,2.0815683344590665,1.930057566174168,1.8624732459369382
BH,2022,56131000,250,2.9228617943206308,2.1018821191966106,2.184271631632227,1.9645739672651283,1.8615231632659464
BH,2023,22205000,244,3.1635612382427047,2.1438178139224107,2.329944887700551,2.029159849184481,1.889818937279073
BI,2015,1423000,20,2.7025761880723773,1.9455075454712274,2.2093393338808833,1.8690406421154955,1.7136944737739483
BI,2016,5618000,31,2.6129150793846825,1.9345616192642163,2.1384909276351527,1.8437391399593008,1.7092894034685433
BI,2017,6143000,29,2.586876049765879,1.8464817176459873,2.161751006869941,1.8116332570376876,1.6502605746079937
BI,2018,4979000,32,2.653965922525365,1.881740947556228,2.1934097502777323,1.8374507864223122,1.6746339313447023
BI,2019,5301000,30,2.5542244586292613,1.8361995403064952,2.1732678501152223,1.809610922666,1.646258172539377
BI,2020,5096000,39,2.7323219096179976,1.90992529223401,2.227384174094477,1.8597154689857744,1.6950864252245228
BI,2021,4833000,25,2.5159648250513325,1.8456139516372265,2.171804013023046,1.8122404753909083,1.6534582550887524
BI,2022,4484000,28,2.6680097553897473,1.9615212688596226,2.2391826707341944,1.886932142962879,1.7338631012991537
BI,2023,4426000,28,2.7853957867178116,2.0217612973965546,2.2950322086890615,1.9310644596135709,1.7745397384941068
BI,2024,3895000,29,2.8254645637427163,2.0417576501858923,2.2932009600107874,1.9388498896396766,1.7847862283736007
BJ,2015,6993000,43,2.1002953254414836,1.5371904824548368,1.8386264155471068,1.5593762588753275,1.4244504234276132
BJ,2016,14566000,104,2.779088327255231,1.7657406802341271,2.092415398787796,1.7493992544276846,1.5827381716595328
BJ,2017,15266000,115,2.7297507959193497,1.7673655482063566,2.0826372706166825,1.7491590094948308,1.5822520284008725
BJ,2018,17380000,62,2.371288786371842,1.6265165001949908,1.9662466614162244,1.6459151002149763,1.487408599376655
BJ,2019,19831000,131,2.3808849460412818,1.5859641293985454,1.955203533520436,1.615781107138186,1.4595160204252908
BJ,2020,19343000,65,2.1363612741168527,1.541681699696687,1.856372265769146,1.5674332916222011,1.4298528351885078
BJ,2021,21826000,135,2.182008519795433,1.542022132643728,1.8693638360134015,1.570196824265775,1.4297973216214555
BJ,2022,20080000,170,2.3114983686205357,1.5701463834518603,1.9387769750601132,1.601553099083865,1.4499219846079525
BJ,2023,18853000,300,2.4964004941757003,1.6197921477126391,2.0114651324550397,1.6477048946521855,1.4860646697991104
BJ,2024,17801000,57,2.132153164341404,1.520862169765295,1.8962215305051253,1.563135272447939,1.4160242318472769
BL,2015,576000,11,2.7348130622896334,2.018421404845049,2.0008699624421733,1.8365240084261627,1.7250804142436245
BL,2016,837000,13,2.918083637251138,2.126396590815964,2.056249222120782,1.8966245943395197,1.789008988909987
BL,2017,666000,12,2.9772265352637977,2.0872437743520242,2.110592178598907,1.8979701566883544,1.7606929095913657
BL,2018,657000,11,3.2142036160817007,2.269889515836415,2.2458814852878226,2.0141000861549316,1.8731761180890938
BL,2019,554000,11,3.303494321095727,2.2488313134717686,2.2594991292568527,2.0093298780893307,1.8523875439060669
BL,2020,672000,10,2.899514794195602,1.9562640790157684,2.151342773294023,1.8530993755779368,1.6796706844585967
BL,2021,759000,12,2.9741882664849517,2.0227918327217824,2.112318915553459,1.8738382556846054,1.722386850651499
BL,2022,459000,11,3.0194541257990055,2.0927259543273764,2.1279334167530255,1.905441941855682,1.7622303709473948
BL,2023,200000,9,3.251414096668944,2.387204583432801,2.1506006383858307,2.008295251860364,1.904303840881948
BL,2024,103000,6,3.0049890892029096,2.4304696449026344,2.1203319543988575,2.020506598417747,1.94843340580849
BM,2015,3690000,16,1.3509774947113056,1.0986766756108315,1.3138385988689172,1.128734077942238,1.0796069391816918
BM,2016,5681000,35,1.3662388161924892,1.0944295483652495,1.3012720739712098,1.1201747007368947,1.0736329210903974
BM,2017,5216000,23,1.3336526891098524,1.0898379607134225,1.2970036033306662,1.118419312277499,1.0724973120477361
BM,2018,5326000,31,1.4013692481051323,1.1118891567912306,1.3432219301604962,1.1443298443721268,1.0896816698555547
BM,2019,5029000,21,1.3845343366098153,1.1061435637378403,1.332934748024472,1.1376456389428986,1.0851884499234108
BM,2020,5743000,27,1.3857358100481536,1.105212583212931,1.335143794386639,1.137626022882127,1.0848724592716184
BM,2021,5130000,17,1.306513993592386,1.083505100649389,1.3086771907361483,1.1144462905342996,1.0683602659125115
BM,2022,4556000,23,1.4056242486153583,1.1104456315321907,1.4024891430076891,1.1513673646967386,1.0903019909219054
BM,2023,4673000,19,1.3518500078687496,1.0961235790114818,1.3336476735566103,1.1287293292844647,1.0779058978239544
BM,2024,5052000,50,1.4496044884198405,1.1144753172053714,1.4481989169813858,1.1609807708574826,1.0942213823499405
BN,2015,14816000,32,1.6855518770793545,1.230364060185454,1.7690530702723941,1.3275405204414183,1.197769650002059
BN,2016,25475000,46,1.7845539610599994,1.271816257672658,1.839350226168455,1.3784156684613007,1.2329716654657583
BN,2017,25166000,37,2.0527648490148867,1.3891849900339481,2.0535573477168434,1.5197322236219055,1.327974361930179
BN,2018,25431000,35,2.157953108821521,1.4485476214786892,2.1390223977709897,1.5856817396046257,1.3753015585771553
BN,2019,23946000,55,2.087825335658274,1.3944567183806191,2.0585636703091508,1.5248293763078424,1.3325942568307065
BN,2020,26131000,68,2.106418155540709,1.3748432898102807,2.0296738413795232,1.5015985781463685,1.316446297756211
BN,2021,28176000,67,2.0526596310989027,1.3579753529673428,2.029444135385196,1.4900531440392857,1.3055841567779622
BN,2022,24662000,66,1.9669755077116564,1.3448727434351053,1.9764639909619572,1.468678976101588,1.2947693035170136
BN,2023,26876000,235,3.087770713827469,1.5287263510546725,2.3858019026116146,1.6847795286335612,1.428028627909756
BN,2024,25158000,217,2.6232129002547278,1.4616372084448348,2.2284332600151235,1.6059138701118134,1.381882191562444
BO,2015,107763000,53,1.543932346183098,1.2274754593622756,1.4887613430531226,1.2695209770716522,1.183515179032615
BO,2016,186142000,66,1.5092103163161943,1.210755874069204,1.4684447847668227,1.2532521886700612,1.1710254821299337
BO,2017,204130000,61,1.5026286735848424,1.1994401343144152,1.4558759408535964,1.241105538290763,1.1613384176292707
BO,2018,202062000,83,1.510772906225161,1.2002322422363965,1.463291399735644,1.2438945693525567,1.1627429230309039
BO,2019,208804000,104,1.4619847763552043,1.1792229679060748,1.4299362286195945,1.2211861517497742,1.146376562466478
BO,2020,177272000,88,1.5120134497668536,1.2159809099667414,1.4861375000310773,1.2637492740197245,1.178126035838309
BO,2021,177939000,70,1.4469955155365422,1.188445170139327,1.4463847398451606,1.2350329553326898,1.1568152425985023
BO,2022,159487000,81,1.6445527672477065,1.284267110431616,1.5870948319731673,1.337880784748911,1.2340209464371186
BO,2023,183741000,301,2.4589816458102525,1.4905176244107756,1.9558394003931951,1.5555263954627692,1.3862972043527308
BO,2024,138855000,213,1.7841008845316313,1.3209294344478608,1.6493382030407124,1.376269132188023,1.2616323528152
BR,2015,2542166000,264,1.9075244528902164,1.5099645286109797,1.7132296325261562,1.5169288537956929,1.4046452714842084
BR,2016,3792778000,276,1.9305404764429928,1.5210662155729184,1.7301590164358427,1.5281752042410441,1.4135173336320166
BR,2017,3636947000,285,2.0423099161783247,1.5111326204341866,1.8105787107586684,1.5398048605556063,1.4037839746026621
BR,2018,3822484000,287,2.000614981772909,1.4901261169644684,1.7965801188170667,1.5255619170999133,1.3900270785098967
BR,2019,3833018000,290,1.9062167823506353,1.451779251854087,1.7238912577924397,1.483078763326117,1.3608832723003939
BR,2020,4126928000,301,1.9057485636992972,1.48995549330813,1.723333101571447,1.5085341795243614,1.3918711495523373
BR,2021,3478812000,307,2.0486863366693218,1.5751308105735253,1.790025515239979,1.5755699772072356,1.4549720693334303
BR,2022,3221977000,313,2.3392594037039665,1.6957654394249104,1.934194226147567,1.6782441313242897,1.5419770337954093
BR,2023,3252647000,325,2.578662366903308,1.8524542146467156,2.045821512195293,1.7817528689716182,1.6409694195924345
BR,2024,3144579000,336,2.214668831809158,1.7339318089844995,1.8643106330470829,1.6796835200067504,1.5691774946713437
BS,2015,10451000,33,1.3110588999946609,1.0814514309512433,1.2677330546578114,1.1079065870455198,1.0662556240988132
BS,2016,16341000,203,1.5418172146993636,1.1189228605893122,1.4061162765693669,1.1581217445139518,1.0953028961209172
BS,2017,19117000,45,1.337755313535893,1.0892865252730861,1.290017433721814,1.1185004263019003,1.072838707732779
BS,2018,14833000,42,1.4548477202517494,1.1244953170648002,1.3748938059662388,1.1617902620033358,1.100797008515848
BS,2019,13048000,32,1.497840517953287,1.1386157958425995,1.4203852894422235,1.1813024671310635,1.1125569059952924
BS,2020,15751000,50,1.3861491409127205,1.099485063816724,1.3232576613289,1.1320503726312792,1.0808882090775307
BS,2021,12898000,30,1.3181816402602324,1.0835206662316996,1.2847216675176447,1.113361292746686,1.0689070978496864
BS,2022,13069000,33,1.4947804118301107,1.133891263221455,1.456298113754828,1.1828141308998126,1.110313248286767
BS,2023,25686000,304,10.639605983912753,2.5826861468076756,3.7072991541417553,2.610977121511198,2.0536910962628605
BS,2024,13858000,211,2.51744399225695,1.3137996459303205,1.9743604312206497,1.4129082066261254,1.2483513819133685
BT,2015,3060000,22,1.3306484459218726,1.0883072867633212,1.3420609945326023,1.1238472975486204,1.0730710292012668
BT,2016,5209000,24,1.3162538271045554,1.0838990208402748,1.3372037046992749,1.1200283401711102,1.0702037276804528
BT,2017,5811000,25,1.4636903720905179,1.1277374233678756,1.4948797917102605,1.1845641057995464,1.1079611378703456
BT,2018,6446000,25,1.4519621717308453,1.1247301789827189,1.484638332108951,1.1795234446140723,1.1049734712213806
BT,2019,6497000,31,1.4557935322416462,1.123285410739411,1.4946406852558765,1.1796934237028396,1.1042475629728685
BT,2020,7553000,201,1.7186324588032804,1.1571435772160292,1.6197179220842863,1.2222943879872616,1.1279842973071201
BT,2021,7287000,55,1.4430635490116512,1.1167974400740854,1.4851668117927221,1.173302232127292,1.0994114180711314
BT,2022,7221000,146,2.4012396764499906,1.2834993730173923,1.9996340590579045,1.38464429869313,1.2224385680480248
BT,2023,9175000,240,6.171278281196291,1.8482079486798166,3.1153684588611963,2.0418355361407574,1.6296531338207394
BT,2024,8501000,238,6.1899720899438835,1.8694596592434027,3.177646117207015,2.078399129765165,1.650611973570033
BW,2015,8325000,168,1.7525883708902557,1.159976186433383,1.5760061672188213,1.215051172975892,1.1274632986511588
BW,2016,13275000,48,1.3640164351630006,1.0897272247276704,1.338837873223192,1.1236830528477977,1.0736240325952422
BW,2017,11965000,25,1.4613412612228949,1.1428495236974276,1.4616272792821177,1.1913155080222226,1.1178673047635888
BW,2018,12466000,35,1.493779373381849,1.1537934665067386,1.4817734196229992,1.2038043112734418,1.1264757860159371
BW,2019,11986000,38,1.4800712834978564,1.1366533232348253,1.4619515176334508,1.1833710730628186,1.111642787899411
BW,2020,14321000,49,1.373039804545647,1.093340561957564,1.3774462670369605,1.1325132755790595,1.077704943179715
BW,2021,15941000,66,1.357922074314327,1.0855882356471889,1.3668638455668112,1.1240955488626732,1.0718299850749355
BW,2022,19733000,78,1.6895107002461525,1.16810863864551,1.6285565996532936,1.23775715402471,1.1397731506711328
BW,2023,11477000,38,1.4021181387277888,1.1006326533847113,1.399205428738429,1.139635122650949,1.082160218335609
BW,2024,10492000,37,1.4147620482149008,1.106593450316001,1.4440333373981724,1.1513611924457439,1.087968493309919
BY,2015,297755000,236,1.668004501438775,1.2577213846746167,1.5129394607800837,1.284863923619163,1.1964172805414464
BY,2016,464544000,271,1.6365800262457333,1.2362420456543928,1.4850624317865793,1.2614810600085844,1.1783539930539673
BY,2017,449817000,274,1.799124966088098,1.2959107831708905,1.5585744263865629,1.3104935972022937,1.2150492183314214
BY,2018,430318000,196,1.7385589702326478,1.300563623297513,1.5520400965332235,1.3203340286559302,1.225377455242413
BY,2019,446166000,279,1.8132803052581645,1.3242434627324096,1.5959987711433545,1.344737710697459,1.242794040596451
BY,2020,431739000,301,1.8619574577041997,1.2942567524392117,1.5960780280666047,1.3195033916100793,1.217886888542271
BY,2021,466521000,308,2.5439045533423568,1.415911017511387,1.8612725430557355,1.4495616228745434,1.2997149079898882
BY,2022,477346000,303,2.3502601174455116,1.4068251888034315,1.812641758982339,1.4356927166872877,1.2960265401011373
BY,2023,202288000,291,2.002840603348095,1.3404470428475768,1.6573931981188428,1.357903499022045,1.2458992020162902
BZ,2015,4360000,22,1.5778847578218462,1.1810325535703659,1.6136266490286653,1.2503431780904284,1.1509601319739005
BZ,2016,6812000,20,1.6346221476948497,1.2028857638463684,1.6446204945315286,1.2741882516752996,1.167730577941717
BZ,2017,6986000,23,1.9012007191324323,1.312485363550316,1.833794879932154,1.4004966440809756,1.25418606405443
BZ,2018,7009000,31,1.9022640406892388,1.2964972331840356,1.8155469592025648,1.381693758814316,1.2400935757613953
BZ,2019,7028000,95,2.3030277382281152,1.3423402485007654,1.9589822907659655,1.439616139909766,1.2727461426765583
BZ,2020,7903000,66,1.872413627312952,1.24308923874145,1.7540124595794007,1.3247649990027506,1.1985240429043866
BZ,2021,7863000,159,3.209484780173322,1.5118041690954858,2.2927511721653824,1.623694380974583,1.3900664165571222
BZ,2022,6342000,41,1.9445991715188886,1.2690644278660181,1.832589297686047,1.359256120068609,1.2190058761358615
BZ,2023,19197000,299,18.195811214317324,3.8793915822364484,4.414168816780731,3.3522326916654293,2.6635459579574294
BZ,2024,7612000,235,4.336851126507352,1.6548128549951886,2.6849444053774114,1.8166741960298514,1.500102279873409
CA,2015,3414836000,277,2.0335407710628726,1.3729576808415946,1.9100688827236867,1.465018733944361,1.305139185892552
CA,2016,5204638000,281,2.0710723908136237,1.3589812714978264,1.9324447276744414,1.4579674312422006,1.294452312201125
CA,2017,5016905000,285,2.1201659127391586,1.3992294303430948,1.9810736534139495,1.5001281871639944,1.326360727627781
CA,2018,4866118000,289,2.0427423339035036,1.3718884086274987,1.9379608655581695,1.470863286657422,1.3059824236334499
CA,2019,4832557000,296,1.9621325379674495,1.3470189360575437,1.8946651558226526,1.4426684723213226,1.2868678082906189
CA,2020,5254634000,301,1.962774011749402,1.341395251151816,1.9208253006163352,1.4453255295389438,1.2846036879692897
CA,2021,5017981000,312,2.109021431621611,1.362368459960932,1.9949221371757648,1.4753715600162085,1.300705386451959
CA,2022,4832211000,316,2.077566509615798,1.3488141134021225,1.966518654189107,1.4580752659086142,1.2891016533006157
CA,2023,5049415000,325,2.108911075266704,1.3489420457906882,1.974717336002191,1.459354435048951,1.2885715435500262
CA,2024,5151184000,339,2.1303045755220333,1.360597546857986,2.010743802007216,1.477315487346428,1.2992605615110548
CD,2015,13912000,37,1.9121537500621384,1.4352986216208647,1.7578816666597925,1.4771174799717404,1.3502766314389087
CD,2016,36632000,64,1.910856789720832,1.4594579706781496,1.7470589893113386,1.4910580192795824,1.3692762683936845
CD,2017,46973000,67,1.825569419431973,1.3873489532894654,1.702053715667049,1.4332730097384665,1.3141379327452833
CD,2018,45897000,66,1.891709272952788,1.4038929575365022,1.7456740012206597,1.453535077750243,1.3267816862234463
CD,2019,53008000,70,1.754097530453948,1.330429686987154,1.6716875179474049,1.3860853126557808,1.270568804233382
CD,2020,46607000,95,1.820987772804069,1.353457136118275,1.7204211718764568,1.4119340354935732,1.2887309834499547
CD,2021,56385000,94,1.7429672525190198,1.313730910692793,1.674893622312221,1.3735499436729677,1.257906882671312
CD,2022,65276000,208,1.81116257801082,1.3285950144378624,1.7055235984583688,1.3896165016693727,1.2690190135217754
CD,2023,62102000,93,1.7610345625180388,1.3251354597371556,1.6939422548727578,1.3854119895886075,1.267035863932787
CD,2024,59084000,68,1.75087349832578,1.3207691413769624,1.697413130972415,1.382921294705713,1.2639595524168448
CF,2015,308000,15,4.107243567429972,2.34417317386577,2.650077992837288,2.178581973243642,1.9038541994167772
CF,2016,486000,13,3.9533904713231682,2.448641924113621,2.6513498896971672,2.2240590806621046,1.9771327793085083
CF,2017,847000,17,3.266323739160064,1.9544467601106075,2.445366699651013,1.9483302863739995,1.6933619989088138
CF,2018,719000,18,4.172995136133615,2.315438466051857,2.8239994925228866,2.2279231024487083,1.9120601958540857
CF,2019,1084000,17,3.3475985275069258,1.9917081091709121,2.470292041704528,1.9765378495330637,1.7240447548789506
CF,2020,1189000,25,4.040244665933245,2.263108690675721,2.635352306010741,2.155815866198605,1.8873593090847813
CF,2021,1373000,24,4.028393420671507,2.2994397557515605,2.668699183714373,2.1827264982142935,1.9077343464019485
CF,2022,1286000,20,3.9936053998980325,2.2973919856416134,2.6642063422834594,2.1808355590404247,1.9063184225309349
CF,2023,1164000,21,3.9770668937948574,2.338139974735796,2.673018997136898,2.1994965582361488,1.9337200510180694
CF,2024,1391000,20,3.4052791810566845,2.094314911248624,2.436868652009322,2.0175369180411766,1.7874334861147958
CG,2015,2831000,24,2.5742972361928347,1.6706012889035362,2.141708613565119,1.7045267228530294,1.5101184169231336
CG,2016,5624000,25,2.358364995322244,1.6069665380593887,2.0299959375192027,1.6436710450868037,1.470832320732851
CG,2017,5269000,24,2.265034315281666,1.518538071943375,1.990024060139689,1.578654204271509,1.4048029845962582
CG,2018,5123000,25,2.302207887855215,1.5685032118449052,1.9805780198790501,1.6090209509556401,1.4391637082999438
CG,2019,4637000,26,2.231152588821773,1.5257559409999693,1.931490748388383,1.5679204510143758,1.4072160962837772
CG,2020,4829000,30,2.27062901889353,1.5202977768311472,1.978068501829748,1.578404560186862,1.4084092525743346
CG,2021,6538000,23,1.94454262465323,1.3941255106304677,1.836372059761489,1.4623086920253094,1.3175096266809558
CG,2022,7439000,54,2.1375078697084042,1.4678977221409115,1.9421679659009778,1.5368604769934848,1.374638125039343
CG,2023,8644000,33,2.1099887512883146,1.4552898831841334,1.91918208647035,1.521731174072103,1.3632558937972872
CG,2024,8881000,37,2.1372604095291265,1.4796744692795858,1.9258345083390513,1.5408661134311985,1.3818986388289725
CH,2015,875786000,268,5.030159437455727,3.0905109633672767,2.612602162578508,2.293066711070816,2.108225966170471
CH,2016,1255458000,272,4.022878452573143,2.8232212532368606,2.3863616207348173,2.1397022051819845,1.9874372271267233
CH,2017,1251530000,279,4.149251200704307,2.9392391219673972,2.423467670577412,2.187956433010005,2.0415521858723444
CH,2018,1240383000,277,4.2296304172882655,3.0356151201487296,2.4337932199923697,2.208198088866285,2.0697064588477887
CH,2019,1244333000,283,4.2971705534898215,3.0215122306967626,2.453053003331175,2.216754145870677,2.0727431661735465
CH,2020,1322721000,287,4.257830200468927,3.0854480634560892,2.4492755014619623,2.2250877059981096,2.089331824454121
CH,2021,1260014000,294,4.297102053910884,3.099003459648019,2.473298016860491,2.240116158268899,2.101133001638918
CH,2022,1162212000,292,4.51440031574681,3.2048476370283776,2.530848766089441,2.281909310510373,2.1356810101831627
CH,2023,1178169000,323,4.977885608797324,3.385968216382175,2.641238100639663,2.3604138644564383,2.201799670510875
CH,2024,1136597000,322,4.94144644369686,3.4873090115038425,2.6552291919911437,2.387470411987029,2.238134749714145
CI,2015,25411000,75,2.0134240720120005,1.424560134609908,1.7846848299629485,1.4752056551787904,1.340059679889791
CI,2016,50144000,164,2.1092408997672174,1.4731791296382357,1.8281236076628318,1.5172357583278098,1.376842291313629
CI,2017,64377000,135,2.232938836680952,1.5160809401358675,1.8924268595689195,1.5606210878895748,1.4062123517836265
CI,2018,57810000,166,2.2079436631880758,1.4775789703613182,1.8891222674592838,1.5347441150177765,1.3776051853971754
CI,2019,57610000,93,1.930926877730084,1.3867784075141376,1.7537048285235068,1.442992340558484,1.3120018579716641
CI,2020,58406000,74,1.7832961219761656,1.332358023928846,1.6737932864281895,1.3873675473182052,1.2701967683178719
CI,2021,64341000,80,1.7386154400479108,1.307047404578124,1.65562281926958,1.36504778306544,1.2509086286723896
CI,2022,61873000,213,1.8745523289071524,1.361006967606313,1.7317085560158252,1.419508179629305,1.2928411052064361
CI,2023,60421000,293,2.1581192113686845,1.41790998610529,1.8644249965846735,1.4849554124818982,1.335234048531374
CI,2024,62408000,250,2.0808285298348266,1.4211838723796733,1.8297072912506462,1.4812203748464035,1.3382435399304178
CK,2015,252000,6,1.519725637222649,1.1974205226835617,1.4653079192494078,1.2238147674094542,1.1480543178162472
CK,2016,401000,5,1.4201713301947188,1.165469555196382,1.3168571098331547,1.1727054037012439,1.119666569825461
CK,2017,458000,9,1.890710014816977,1.3251377166826708,1.8060814721053347,1.383146934093093,1.2467812964432452
CK,2018,514000,10,1.882352010255279,1.3171208359506643,1.7938859439728314,1.3758658297123014,1.2416620076562968
CK,2019,545000,13,2.0611116840085253,1.3516065472317151,1.8323385123450278,1.4052554152831376,1.2625086915191597
CK,2020,482000,16,2.292700033270595,1.411154439544687,1.7789712643388733,1.4166780738329439,1.2829336988729685
CK,2021,428000,7,1.421472030158156,1.1491374443259519,1.4109804564366595,1.1842292916161385,1.1173458820674373
CK,2022,494000,10,1.334049136531044,1.1042452872876676,1.3000415209657643,1.1306197219273302,1.0826506017325783
CK,2023,436000,9,1.6326891556623753,1.2275504010125402,1.543453646252595,1.260156678814249,1.1707916042586743
CK,2024,373000,11,1.8286541835181778,1.289007272895724,1.654685250801354,1.331317059430288,1.2188477502266524
CL,2015,598025000,213,1.6775874248744658,1.3459246868644112,1.6107990080650743,1.390666385441223,1.2848159783669388
CL,2016,833572000,251,1.6834049334657581,1.345985315283362,1.6146706081532967,1.3913360284345517,1.2846236865070084
CL,2017,828834000,285,1.7962239746218094,1.3689273874263144,1.6741384225311688,1.419400337756306,1.3014525326985111
CL,2018,817345000,239,1.7558883298709649,1.3617843492190285,1.661937488935593,1.412700881276456,1.2962364197362808
CL,2019,820989000,266,1.6947848754278443,1.3406723059899588,1.6206982222500477,1.3886676542553924,1.2801332652563953
CL,2020,930019000,256,1.7062359927086512,1.3574722125552483,1.6228626303618074,1.3999271974505016,1.2922489890107058
CL,2021,822830000,257,1.7128721948619878,1.3694373875260863,1.6286733381123502,1.4093675440396984,1.3014075904625833
CL,2022,776020000,219,1.7726355255991153,1.4193870464859624,1.668789331561045,1.4541852291442647,1.3425384666859448
CL,2023,820565000,307,1.961970157718773,1.4757705605207192,1.76141347039439,1.5114652526731034,1.3856361616139337
CL,2024,730690000,223,1.834358131073846,1.4539322177150311,1.7089115237690449,1.4870244139959419,1.3707028309883877
CM,2015,20396000,51,2.245171822299778,1.8115850233482456,1.8867315818048853,1.7176234387744247,1.6230634703798816
CM,2016,45889000,62,2.3595820847861444,1.8951158071858072,1.9236801060815851,1.7664680049085915,1.6789263474992822
CM,2017,49882000,67,2.4202259702421896,1.8336246403862306,1.9739902771429945,1.7567275473414607,1.6351387439078855
CM,2018,49564000,63,2.383476094600942,1.8415675493373658,1.9571098089830683,1.7551671909113067,1.6414885155451564
CM,2019,54647000,85,2.2211026036470676,1.7581954299573428,1.875136339663209,1.690601207839592,1.5863274221929629
CM,2020,53700000,97,2.1690185276991865,1.702023765037061,1.8577167409479414,1.657391084102342,1.5473254361260538
CM,2021,61597000,256,2.2628077862011295,1.6969216021423195,1.889658117138767,1.6620963537541873,1.5433069020429193
CM,2022,55262000,86,2.1573475267314506,1.7344743989036457,1.8525456223489485,1.672829238625897,1.5712098541004258
CM,2023,49149000,201,2.2752951279284526,1.7632222664531223,1.9004703822331512,1.699410550979586,1.590826778920669
CM,2024,44650000,273,2.583815802851503,1.8040055021546744,2.015111630760346,1.7480289944089566,1.6169691927256693
CN,2015,901924000,277,5.811178756907936,3.022931567457173,3.4094611520392375,2.8491298654495965,2.4786811780640363
CN,2016,1115403000,281,10.454984631864077,3.103020195016877,4.068584436868348,3.057881778736401,2.4216796343285116
CN,2017,1243666000,285,4.417580654666739,1.9759655304564983,3.017437535436584,2.1543771029143812,1.7464614077056289
CN,2018,1766689000,290,6.00733149634345,2.101894992892969,3.146949665326238,2.217896544158049,1.7884589063918503
CN,2019,690391000,292,6.260646008695451,2.2183137163840994,3.2149679339683144,2.323173227158201,1.8781761763288973
CN,2020,89928000,292,3.4602251074788786,2.269300340810197,2.7173269715291877,2.2840411665111353,2.047981742343322
CN,2021,65830000,307,3.7269837808286086,2.0728621443297808,2.7729303882882226,2.1824470038431456,1.8995760230039804
CN,2022,36195000,305,4.102445939681007,2.241912795392091,2.831435837658099,2.2827900618986634,2.023340239159679
CN,2023,11766000,250,4.169783480754164,2.4146683525077726,2.8640085592086284,2.3782552142732096,2.15438536103459
CO,2015,1016982000,201,1.4626481968062421,1.2071519195427927,1.455541298357076,1.2519673513543745,1.171599640835632
CO,2016,1514841000,179,1.42617931560818,1.1925150136080878,1.4410306674778903,1.2390613698538728,1.161310960721495
CO,2017,1397318000,285,1.4859922740106122,1.210288942768173,1.4763026611231096,1.2593610393925536,1.1752748348740243
CO,2018,1306194000,207,1.4871922169798546,1.2156749653338632,1.4812117680995254,1.2648830423012432,1.1796384326100648
CO,2019,1254347000,190,1.4802904873684708,1.215647182540084,1.4760073877406792,1.2638453644238175,1.179599267071605
CO,2020,1392812000,209,1.5035319768924147,1.2294914629782328,1.4975317559988013,1.2794266535205006,1.1914749538503648
CO,2021,1097206000,152,1.533776499697569,1.2605967267626108,1.5269503143528698,1.310322662839278,1.2172563290751317
CO,2022,1054566000,304,1.6424498484391759,1.3123585813496013,1.5901164336099487,1.3614296237018757,1.2581563920420118
CO,2023,1078181000,312,1.796925024741934,1.3601037309749315,1.6654366309022646,1.40964038458346,1.2938003654292678
CO,2024,915552000,338,1.761846320408407,1.366099631711406,1.6556688700918942,1.413589663521507,1.3004712046816103
CR,2015,113021000,65,2.0519335010235062,1.6691097897061822,1.7866828690426129,1.6305714629001398,1.5292628759866518
CR,2016,177742000,109,2.035697653281197,1.6471427103278211,1.7850742765989933,1.6193883619390832,1.5146764254631073
CR,2017,173511000,89,2.058797673121516,1.6426091199827209,1.7998669650878858,1.621166871717802,1.5107054505462882
CR,2018,166593000,210,2.1034899046299294,1.654992157496706,1.818279918025572,1.6326537715043,1.5195279762202607
CR,2019,168453000,92,2.057233425044818,1.6510514639323806,1.7978907825116346,1.6249493332574836,1.5171754701716138
CR,2020,190443000,131,2.031199610915613,1.6343325078908348,1.7877576750802242,1.6128795254955537,1.505625597117662
CR,2021,163639000,88,2.087393276363096,1.6902948509931874,1.8155097344075983,1.6503747105469115,1.5472638926497733
CR,2022,141148000,79,2.2732709807741807,1.8320328421405618,1.8876360577076603,1.7398102379388356,1.6471926539584125
CR,2023,147003000,306,3.5833338261847816,2.2064235076755265,2.321197346745048,2.0253213045613703,1.8810602861253451
CR,2024,134366000,91,2.3117813881644684,1.8907497412179906,1.896682246938823,1.7691290623315192,1.6892160285782278
CU,2015,18087000,40,1.9343125493029074,1.5073912701840493,1.7466195226893069,1.5276911456675024,1.4084900323434322
CU,2016,19445000,51,2.2273312871400335,1.6500469747187916,1.8691252525321056,1.6394400189720393,1.5095327510656409
CU,2017,19046000,285,3.757196996821029,1.8800476009760645,2.359740107550646,1.8790887598203256,1.6583884003443825
CU,2018,18105000,115,2.4858490601940306,1.7009429371519322,1.9603861248668961,1.6873809442005019,1.5397303039014572
CU,2019,22697000,50,2.317047928748925,1.6226351472395462,1.8879798842295157,1.6235489577983349,1.4806478966536378
CU,2020,33587000,164,2.0979427499241985,1.482599064086271,1.7953278841230356,1.5166178712145544,1.3809523933783312
CU,2021,44186000,49,1.8204476597325194,1.389747622480529,1.6813800962235503,1.4332697620592356,1.3152195994439468
CU,2022,51658000,51,1.8483021933794943,1.3878046079399522,1.6882442714554762,1.4322882241582595,1.31224514236291
CU,2023,22303000,51,1.9098222277206087,1.414802172610033,1.7217989419832482,1.4585598125141395,1.3329347490909027
CV,2015,3189000,25,3.1381700919695317,2.027513333209725,2.143461928365187,1.8703426857050656,1.7070138378317214
CV,2016,5464000,27,3.0438001907675796,1.9360404212439792,2.111984974233164,1.8203922626206217,1.6498349270132993
CV,2017,5918000,26,3.0628585198097094,1.9019803604032186,2.1208398390960648,1.8038856566177515,1.6234646258866072
CV,2018,6342000,25,3.6783905106310413,2.2203207585520324,2.3068946308904743,2.001568245078854,1.8123162978239478
CV,2019,6695000,32,4.096348654920261,2.4873759760224705,2.3910360138177316,2.120098653406826,1.9447921558700045
CV,2020,5438000,34,3.3257268741360324,2.090660723537011,2.2074571136619556,1.920394491629661,1.7487781220424665
CV,2021,5678000,28,3.1891619818459533,2.0783868980919005,2.176152118500407,1.910179854481038,1.7462055397688694
CV,2022,5776000,34,4.5671163720781855,2.9314376533720226,2.514393450600986,2.3034107755686386,2.1817263080584817
CV,2023,5480000,38,5.196504351170527,3.2822598785088175,2.6664936009480997,2.444567612476271,2.321652954225286
CV,2024,5378000,36,5.7418122096105915,3.5679513464836012,2.7843254877832986,2.5542368800300945,2.4202476596996307
CW,2015,5987000,251,4.135551873407221,2.1859398213189896,2.258800584898673,1.8066886524468488,1.6199262467138291
CW,2016,8567000,28,3.0751331602363114,2.091699431694127,1.9845809871690459,1.6928541388300995,1.5586333548520805
CW,2017,8098000,30,3.42883445968088,2.27714593948307,2.132956116542008,1.8041296968982572,1.6465217046934033
CW,2018,7752000,68,3.728944965009448,2.37153322107652,2.210125363146327,1.854050879159838,1.6847789356770175
CW,2019,7161000,28,3.484073824189259,2.3356427142523932,2.103873420920342,1.794569279910792,1.6500583949607024
CW,2020,7263000,64,3.508497175443556,2.2492475634153304,2.138077836421531,1.7906023586200372,1.6338827728363896
CW,2021,6677000,30,3.212666505953514,2.2556002419002343,2.000822168232556,1.7251624478571967,1.6009518240013996
CW,2022,6339000,32,3.2929824528552176,2.273249828118486,2.0300003063907224,1.7414798852644882,1.6112402278677431
CW,2023,6028000,37,3.2701305050353557,2.2234572864444586,2.0325454351628185,1.7328213315730272,1.5982133383926813
CW,2024,5943000,30,3.2611022826065588,2.231658890130481,2.0302598078937697,1.7355461957710157,1.6018537281296608
CY,2015,39519000,90,3.190818400512507,1.9090818957940843,2.4599498661596892,1.9613958681453,1.7004483906224994
CY,2016,59446000,242,3.687729888823134,2.0801697140903177,2.577883840957379,2.085244975783602,1.813634550255619
CY,2017,60869000,114,3.603988246008267,2.2122540486236826,2.591716115253092,2.156822593948274,1.9025068178385331
CY,2018,69763000,105,4.1410260109897665,2.6703923933982243,2.758472591978795,2.4105350446009046,2.1835313593603405
CY,2019,62188000,135,3.749601928000301,2.3304781957373177,2.618783451032685,2.2191926688095713,1.983364187029486
CY,2020,68677000,136,3.526450971379286,2.2496735729849746,2.5768118099095916,2.1725003421144966,1.9454187432671008
CY,2021,83483000,134,4.346302210096373,2.571674993020141,2.990266491743235,2.470464962088244,2.1601217328367794
CY,2022,89447000,220,5.165677570043318,2.7569034522161915,3.203971875031478,2.630022025966601,2.2632632344150156
CY,2023,89115000,285,4.8009403374643975,2.754072222567291,3.1517189867123543,2.6080046609328145,2.259804463785412
CY,2024,90055000,113,4.744595213741342,2.7727474375184924,3.1611204616937036,2.616788806060974,2.272662089723547
CZ,2015,594158000,268,2.7603211609143137,1.8997555134815942,1.925676804291854,1.7209231407572776,1.6048556514929377
CZ,2016,982111000,257,2.6496180202713484,1.8498650918779178,1.8962893433719699,1.691883118391754,1.5755673607424212
CZ,2017,991509000,269,2.6922552936930604,1.8633992016701035,1.9002045642109389,1.6930344498370606,1.5756163305506872
CZ,2018,977931000,284,2.7400093236150873,1.8762028387389214,1.9163231412430901,1.7016546772584782,1.5820156639207854
CZ,2019,1035470000,284,2.9294078359640188,1.9287645170702548,1.975101924300754,1.7313213082389374,1.6008849823095348
CZ,2020,1205904000,286,2.827045897725641,1.8716229724153428,1.9403594870324299,1.6901013182596805,1.559615844202054
CZ,2021,1254103000,276,3.2710637937243683,2.01634496695433,2.108087405446309,1.7898633143626523,1.637535201659776
CZ,2022,1133314000,304,3.0002619427143364,2.019385265772494,1.9678720242779963,1.7571563972869044,1.6407469283105687
CZ,2023,1155792000,314,3.1112267289559776,2.0722304928617272,2.0125500311544844,1.7900407661121631,1.6703161373780617
CZ,2024,1069668000,321,3.178419663771481,2.154424226212332,2.075351739474923,1.839526424544355,1.722928174586417
DE,2015,8269525000,277,2.565246063435677,1.6548280672467828,1.8298029892378838,1.5129543570350001,1.3894721846515072
DE,2016,12908688000,281,2.6919436583276952,1.7332871283687792,1.8630243747919073,1.5488829720826702,1.4243247166529642
DE,2017,12382175000,285,2.9341242279225037,1.7432905406123316,1.9760536925800969,1.589142520227351,1.4409064976198347
DE,2018,11977471000,290,2.854828406609728,1.7861515513769664,1.9808311616035306,1.6030552374484341,1.4584119145328291
DE,2019,12272335000,296,2.984664419945076,1.8320963872490368,2.0293637465531753,1.6340962713476819,1.4820683904995604
DE,2020,11972006000,303,2.7149297357081887,1.6882240535282196,1.8976797217315808,1.543359384388077,1.4090193787112786
DE,2021,11467432000,312,2.48796501829471,1.61189382146044,1.8061688493297106,1.4869032796853392,1.3671052843617837
DE,2022,10420429000,316,2.6745151829031153,1.6980764374841877,1.8952353668025879,1.5506138567413763,1.4161274224681832
DE,2023,10340597000,326,2.8478698645254,1.76038797617368,1.9881502875933268,1.608292737347138,1.456019070333623
DE,2024,9764289000,340,2.9830209666471053,1.8474260645337166,2.0550336682316783,1.6587994546422309,1.4987481138384382
DJ,2015,3374000,42,3.2700901158028843,2.2713611834830485,2.595995882112046,2.141097302509156,1.9390368359565424
DJ,2016,4232000,22,3.289115499004217,2.4688276771673516,2.595112178815394,2.211649320824548,2.0606733305400016
DJ,2017,5166000,29,3.3796274658282055,2.48648760453009,2.562398043721625,2.2078451657903253,2.065596634042517
DJ,2018,5806000,25,3.0370807544390073,2.3655071509821766,2.413680112867527,2.1093671458110532,1.9940004503329634
DJ,2019,6953000,25,2.8503765418811797,2.204496288410197,2.324027327167282,2.020425608667464,1.8932518192059067
DJ,2020,5770000,28,3.1697599962746597,2.425022066579814,2.4376387648077524,2.141483464441972,2.026577482526503
DJ,2021,4492000,22,3.287008478234982,2.485205450635118,2.5445237958953815,2.205660507052169,2.0665788713146465
DJ,2022,3981000,24,3.6592379283525625,2.636442700016486,2.7168250476399964,2.3243549671896986,2.161072228923303
DJ,2023,1669000,20,3.4411246238430873,2.576687020090411,2.6410883116492228,2.2766359852331584,2.1261834349410944
DK,2015,444277000,246,3.1411633634753042,2.3435859557364656,1.8868104994145567,1.6956753014677757,1.630837444245457
DK,2016,712213000,260,3.1613552568704204,2.3268655131469473,1.909882977838605,1.7015202246064407,1.6302778355869034
DK,2017,691186000,275,3.3310754562192724,2.3826349813998067,1.9670309543104934,1.7347284590452805,1.655705937298364
DK,2018,684362000,268,3.2687533102574395,2.365784746329198,1.9363419637999773,1.7201243141965616,1.6467648899386196
DK,2019,681931000,287,3.3373449564350146,2.384762763772869,1.9666020448618222,1.7351806877737999,1.6574039878839364
DK,2020,676889000,296,3.227744628292785,2.3451878143647793,1.9419201077806187,1.718104403471914,1.643810357440935
DK,2021,679590000,306,3.321990439131883,2.3601625052492348,2.00412627424384,1.7486107214818682,1.6600317939745473
DK,2022,618712000,301,3.53560977010092,2.3865945779428652,2.0789739040340742,1.7868901679978055,1.6802640097119923
DK,2023,603452000,307,3.481811403862703,2.3342669795292252,2.070415499065987,1.7738312782525412,1.663564924223483
DK,2024,585125000,232,3.479637797594462,2.346881811790985,2.1117201646507335,1.796676036767772,1.6770791464431027
DM,2015,2091000,12,1.3383687850119337,1.1025491405990149,1.334766545032495,1.1363590687360978,1.0836559035848308
DM,2016,3129000,18,1.4241983618390412,1.1215949249949564,1.386873462257107,1.1585599017960386,1.0975920482379316
DM,2017,2372000,18,1.6057280349686225,1.1919138423315345,1.5475171010701223,1.245315295589412,1.154075164358401
DM,2018,1269000,15,1.7526161184549833,1.2450843722818212,1.6974696062382943,1.3162231373763011,1.197854547654898
DM,2019,1296000,13,1.7231665495862363,1.2412802298667092,1.635553255585931,1.2983443069299787,1.1901175239070874
DM,2020,1627000,39,2.0531207116934542,1.282100721612685,1.7981651530308753,1.3514310171402453,1.2187318205234512
DM,2021,1401000,12,1.3587668089779927,1.1140030704878445,1.3733142560071145,1.1511799717840008,1.0927459391332868
DM,2022,1554000,13,1.5236720979321967,1.1666903394679706,1.512586433829155,1.215824409756867,1.1334214279174237
DM,2023,1586000,14,1.6680912858388992,1.2114076893736543,1.5965872638790117,1.2652096681932934,1.1665513870483384
DM,2024,1464000,19,1.78040654622804,1.2411650863252106,1.7356358264546545,1.3151077813014922,1.193343693341308
DO,2015,179554000,71,1.6976651623825856,1.3615563696637587,1.6191025444152591,1.4024990161245585,1.2955747827602633
DO,2016,289311000,156,1.6970831107978377,1.3479262649604462,1.6157160457686217,1.3917289626964533,1.2845234719386998
DO,2017,291152000,91,1.7367794119244055,1.3603359466439355,1.642585813154576,1.4065344504717958,1.2939743255036988
DO,2018,282480000,277,1.8825604179664315,1.3896892315600096,1.7066361125527825,1.4392123146410774,1.3154068936939682
DO,2019,258984000,230,1.7732806324574752,1.3697741732299409,1.6508543106053146,1.4133576453508927,1.2998613125095781
DO,2020,245521000,82,1.781003363658044,1.408237426033509,1.661070875039614,1.4427115345967703,1.3305856537700687
DO,2021,214553000,74,1.873649720024882,1.455940142555299,1.7108822115355349,1.4859308151846629,1.3672014349341983
DO,2022,206433000,109,2.0561044062419813,1.5752925006335943,1.7916262468832258,1.5779975849824104,1.4554108691326426
DO,2023,205918000,89,2.106678409967763,1.61907688397923,1.8132628389988539,1.607997656683486,1.487234177885194
DO,2024,174146000,130,2.1873567365303885,1.6745785641431488,1.8462384320162233,1.647494095348654,1.5283113507097217
DZ,2015,212723000,194,3.3452405965156307,2.7391817993893204,2.4397385192541567,2.2996562995862604,2.210426297731253
DZ,2016,398759000,199,3.356102273170976,2.712934041680283,2.4445134812637317,2.287995181036906,2.196319934749098
DZ,2017,404533000,203,3.5139292044643935,2.791922493337266,2.530382758485669,2.346712549057185,2.2370630341343998
DZ,2018,382894000,212,3.6906563237143932,2.892009090378277,2.6057420506163185,2.4099242165943617,2.290502801521479
DZ,2019,344303000,135,3.2169445292156995,2.6539087807423982,2.422952617954496,2.258696679047776,2.1630140836522336
DZ,2020,339162000,142,3.5185382872087554,2.704528040947433,2.5225409607169547,2.311424645638859,2.1974528427955202
DZ,2021,373909000,130,3.242784837111444,2.6118395037245943,2.432493078550329,2.2488053914906496,2.144185325907449
DZ,2022,399360000,190,3.2759896434246984,2.7074762980473484,2.433658667949819,2.289406311388495,2.1947509216187147
DZ,2023,494366000,313,3.846754151192655,2.7909966077437858,2.5820990311219516,2.366815346903888,2.2319719967737943
DZ,2024,382535000,270,3.5377236241682333,2.7098257503165444,2.4961760920841085,2.3093036048565168,2.187137028301347
EC,2015,295839000,103,1.4769909506949948,1.2132681135591945,1.4737114391460302,1.2612172736898966,1.1775737515355666
EC,2016,414351000,92,1.4871864777960608,1.2205162118029893,1.4834892510134035,1.2691007375271912,1.1836216468865173
EC,2017,401066000,83,1.4930580625781327,1.215203761729871,1.4838483504494615,1.2645404330524839,1.1789819250996818
EC,2018,383841000,112,1.530354398689402,1.2309651016568586,1.5059789735055924,1.2807438017851593,1.1911243359355732
EC,2019,375619000,228,1.5119333850971335,1.2193537999521047,1.4936343526672313,1.2697410429210663,1.1825788312927694
EC,2020,391905000,146,1.5333436001453065,1.238763494334318,1.5177341258300343,1.2904264239279537,1.1989345585992655
EC,2021,332129000,85,1.5121213276005196,1.2390427684558984,1.5138915100731827,1.2908387399181394,1.1999991774446788
EC,2022,302367000,87,1.7208868879253305,1.3238046192219224,1.641867001051634,1.3799797014301065,1.267063784603129
EC,2023,311363000,303,2.2138085819076587,1.4531093295544484,1.8640080616098238,1.5129620627017006,1.3612877783108581
EC,2024,244867000,261,1.8052088732186389,1.3650725538639603,1.6828776708464377,1.4181328108529683,1.2991761485552358
EE,2015,116632000,262,3.9367112766957257,3.0189537008398344,2.6058401688487285,2.480316969395831,2.3963138659050607
EE,2016,177634000,214,3.8353824257402955,2.980029787769147,2.581550290841856,2.4587087254806126,2.3753335966729945
EE,2017,198714000,277,4.815687482640503,3.30274614130024,2.783651508732709,2.6099505990943532,2.5005100538846508
EE,2018,208573000,283,4.356926948872431,3.074503989859539,2.7088113241316356,2.5329554624554094,2.4278733867907527
EE,2019,238836000,282,3.749328861420572,2.8340394154329602,2.557835388010583,2.401717939325587,2.3083841977325
EE,2020,207971000,238,3.740017812808367,2.9320315880567365,2.580001318811676,2.4456250927224006,2.3634656038958317
EE,2021,211844000,159,3.5890000984193082,2.8981780524159237,2.5441640339606146,2.4236595891316726,2.349121123185729
EE,2022,213333000,197,3.7882395212906452,2.965094080230595,2.5996104568383225,2.4651315895682657,2.3825499741250433
EE,2023,214473000,310,4.250403974588654,3.0510688427939323,2.7122117076530743,2.5307203217580017,2.4260423627306595
EE,2024,212459000,322,3.890441581056549,2.942067187068108,2.6369780570728287,2.4703724215237557,2.3723252966283552
EG,2015,263831000,277,2.7681511700336485,2.213124277367706,2.075170096022462,1.9570013115735612,1.901678487659588
EG,2016,454957000,194,2.668303563572157,2.1368228177107222,2.050937599397631,1.920722405692194,1.8529043444775917
EG,2017,495346000,158,2.800274564540503,2.174405596991207,2.1559456641130916,1.9760021891370443,1.8788813119491423
EG,2018,501777000,283,2.9433625539666686,2.1931168465445197,2.2206194705647473,2.00804164732766,1.8916069084992546
EG,2019,522273000,263,2.7292782534783964,2.032581840322066,2.1068955419849926,1.8962965173804864,1.7776723587982917
EG,2020,628140000,283,2.490611291093466,1.8941307649967518,2.0052188047658235,1.8033074199110355,1.6873744943089406
EG,2021,649528000,239,2.415015615142139,1.8587757922624595,1.98283591878824,1.7802822036999228,1.6625095343133773
EG,2022,695781000,312,2.638955847953448,1.9972077924660327,2.046476290979407,1.852178959898056,1.7415405153327317
EG,2023,328434000,295,2.7918588547153576,2.05145406142636,2.103783267827347,1.8831650536125033,1.760320087798779
EH,2017,19000,4,3.2813688009618858,2.934959349593496,2.5694896791546182,2.446748864099113,2.346908054668315
EH,2018,45000,4,3.344659293300811,3.1010719754977027,2.5757190861665635,2.499145920691557,2.4412135400237034
EH,2019,24000,2,2,2,1.7550274223034734,1.7550274223034734,1.7550274223034734
EH,2020,26000,4,2.8388623134155027,2.5037037037037035,2.3262971514741637,2.16823975326777,2.0788440713185854
EH,2021,25000,3,2.301049771210823,2.162629757785467,1.9930061885785766,1.9049860259086973,1.86518645469622
EH,2022,23000,2,1.9981099384508874,1.9962264150943396,1.7544131277096788,1.7534684566958296,1.7525260891171113
EH,2023,16000,3,2.01963929931604,1.6623376623376624,1.9514424073019994,1.6820080392073935,1.5287819651502552
EH,2024,3000,2,1.8898815748423097,1.7999999999999998,1.7909437837989421,1.7257922247534134,1.6701645863249752
ER,2015,185000,7,1.668718686087627,1.2661388775849949,1.6561417521984034,1.336159561927638,1.2183083793026785
ER,2016,281000,4,1.4808828775385667,1.208888956933111,1.5423926964150176,1.2713880474352086,1.175227628632475
ER,2017,293000,9,1.8993521430924087,1.3344058444081763,1.8567116289916878,1.4219222177862247,1.269234146716253
ER,2018,253000,8,1.8070501807695478,1.314704130466038,1.7756827011230738,1.3957303233389247,1.2561640104215555
ER,2019,283000,13,2.663169279381126,1.5825676289841333,2.312918202469923,1.6910850259354344,1.4456550561166488
ER,2020,2520000,50,2.393064996581395,1.4010742804999072,2.125839446068564,1.5222375947229156,1.3235210396849761
ER,2021,7112000,53,2.1964930908445233,1.361899125017494,2.114477709762464,1.4947603542721581,1.3011367603682833
ER,2022,1736000,28,2.365607660779787,1.4545398383338395,2.3663171784783783,1.624110482518387,1.3806573107564033
ER,2023,209000,9,2.068974425873103,1.3873590598697794,2.312994495349382,1.5633559335838052,1.3312663606110704
ES,2015,2329799000,269,2.5389182917114126,1.6777426684183887,1.9288428117830727,1.6418389971888379,1.489951638513079
ES,2016,3598649000,280,2.514586608283821,1.6629215072693928,1.9235819394221683,1.6338971823755317,1.4822104738183022
ES,2017,3587671000,284,2.673731427748844,1.7141397294601555,1.9753145891841077,1.6711109236961181,1.5108721314522855
ES,2018,3673183000,290,2.824177396733361,1.7952868702891591,2.035464757974446,1.7300235088457718,1.5646215120172746
ES,2019,3658547000,296,2.834628708680146,1.7609808233206112,2.0194493696981515,1.7021674666285809,1.5355242177551862
ES,2020,3975147000,301,2.5026910835431084,1.64733280951514,1.922025900333238,1.6197505666072036,1.4672069139801376
ES,2021,3699219000,298,2.5565259507790397,1.6744494499006406,1.9483672110453136,1.6419840886726422,1.4857409080534654
ES,2022,3422182000,315,2.7150531432796527,1.7452848190460593,2.007680662834163,1.6990061880398861,1.5358105545975886
ES,2023,3567304000,322,2.781898635844674,1.7663430067025376,2.0433046100763983,1.7219471861017273,1.552865847455816
ES,2024,3580183000,330,2.852978988724825,1.8143703891488396,2.068610316692672,1.7515056529085906,1.5819125194121773
ET,2015,23635000,81,1.5363533129391622,1.1378247763830567,1.5292248069094014,1.195459944532149,1.1150314670652641
ET,2016,58173000,92,1.691537656469578,1.1921342369857517,1.6931945413743266,1.2714663936691992,1.161418594326109
ET,2017,59255000,257,2.3765580521779595,1.3700053234042942,2.155808594673759,1.503731518906055,1.3046858206012841
ET,2018,50368000,87,1.7682143039886868,1.22170645399394,1.75356924365674,1.3085796254724378,1.1854429800718291
ET,2019,60012000,87,1.7589251923302076,1.2218609056879954,1.7584320825819109,1.3097763498118866,1.1861921739755497
ET,2020,47715000,84,1.8573181759346997,1.2526324657748444,1.848367051345552,1.352252769292088,1.2122127138829746
ET,2021,51060000,141,1.9170411140125987,1.2654181611717974,1.8934728412637682,1.3707913424856197,1.2227910446363497
ET,2022,63251000,227,2.029814283825053,1.288570096630152,1.9921656479485148,1.4074711401456106,1.2425478363876177
ET,2023,21986000,88,2.1349803200127813,1.3456959639248587,2.105614378145304,1.4814682621413238,1.2905558328594093
FI,2015,706965000,266,2.685126950670308,2.0825272429114965,2.1579022732396504,1.9797443802094146,1.877875257179587
FI,2016,1111977000,272,2.743281168594994,2.0989722455620123,2.1833490643323707,1.9947169877218456,1.8903762659474521
FI,2017,1083923000,281,2.79092202029794,2.1179406060017185,2.201607198348832,2.008678753330749,1.902890106497789
FI,2018,1064353000,260,2.707027764007832,2.0992131551169355,2.179520019513528,1.9946014451677478,1.8916077836531988
FI,2019,1095140000,279,2.7390111863757056,2.0970208483861117,2.19159620152862,1.9973943363401738,1.8898717527319517
FI,2020,1152321000,298,2.7730419255857712,2.1247338630511186,2.2015466566611868,2.012299169531706,1.910865053535469
FI,2021,1193555000,300,3.0046161652291,2.1998708431960585,2.296566456748285,2.075830369907389,1.962026386586559
FI,2022,1116536000,315,3.0525334235877035,2.2641726132306657,2.333998619802128,2.1164119243131845,2.0092777261605494
FI,2023,1136418000,321,3.30564556446605,2.3793805299837794,2.452269879560663,2.203467561375778,2.0870907478087344
FI,2024,1097031000,339,3.431184929432534,2.4658405301977244,2.516505456555538,2.2613569469947246,2.1449028319289574
FJ,2015,8947000,34,1.3224890694132134,1.085173167542615,1.3338560342527674,1.117132736270136,1.0683957896242717
FJ,2016,12563000,38,1.4013896071861236,1.1048157126582858,1.3972548061964334,1.1430012175080044,1.083939984297935
FJ,2017,12525000,38,1.5484299969867434,1.1491452689711121,1.5216972875402957,1.2014981089050951,1.120081718859887
FJ,2018,12387000,35,1.5796413880102234,1.1660630988989318,1.5604978259007316,1.2238812258456653,1.1347997542337667
FJ,2019,10669000,37,1.5430171524110665,1.1500510633411238,1.5427192001940564,1.206696728997932,1.122308445671426
FJ,2020,10066000,34,1.3673925917709204,1.0964790144215857,1.3932716177360052,1.1363064576306854,1.0788037684966592
FJ,2021,9868000,23,1.313571299063514,1.0878074648265723,1.397668709738421,1.1320447219555867,1.0743893696352984
FJ,2022,8378000,36,1.4356194811238536,1.117201082838963,1.4797408906453768,1.1680951784864684,1.0967148828384345
FJ,2023,8297000,70,1.6233163797496157,1.155519221602719,1.596275957193985,1.218984594972852,1.1272684796420362
FJ,2024,7781000,35,1.5187667755488516,1.1387722735180634,1.5519233584768521,1.1989423258450744,1.1148369090782224
FK,2015,179000,4,1.3809133397840787,1.1593515938777725,1.356058295058424,1.184389709630655,1.1236426206568044
FK,2016,222000,2,1.234027749026817,1.1139137510170871,1.3108141677786436,1.1522391899102777,1.0985615984913837
FK,2017,45000,3,1.5726298710361442,1.308985132514544,1.5285928599514362,1.3335266693945989,1.2418469571464241
FK,2018,86000,3,1.4501829780817737,1.2339005672339005,1.4660273159677852,1.272750614361693,1.1906782030706748
FK,2019,342000,8,1.522063117007643,1.1907156673114117,1.489093260371359,1.2365460680190685,1.1528817107660654
FK,2020,560000,15,1.9350920512911207,1.2975406308960316,1.6282870571075563,1.3180737766234754,1.2128115077068498
FK,2021,673000,10,1.5352184530259125,1.176869970560647,1.5853631511555013,1.2378709424620606,1.144194525830369
FK,2022,454000,6,1.33081747313353,1.118724286536186,1.3697490315478031,1.1543507037231575,1.0960598109424982
FK,2023,385000,6,1.3356335742061187,1.1233677158252935,1.3982798011282955,1.1650552220828319,1.1018573007511727
FK,2024,435000,5,1.320733106578671,1.1188337758016165,1.3451247189569415,1.148955183576585,1.094350404418893
FM,2015,365000,8,1.7167009386146075,1.2715827853127297,1.9057781037288144,1.3868779617902258,1.2313348358638685
FM,2016,601000,10,1.8668440350978979,1.3192773944708844,1.9988000731016213,1.441074194864352,1.266587534218364
FM,2017,627000,10,2.112529256060669,1.4355265704363962,2.156466756536546,1.5681158399274924,1.3563924432913876
FM,2018,540000,10,2.019912485087051,1.3864059944467688,2.1045899945239475,1.520158608308615,1.320575113027999
FM,2019,477000,7,1.9285082879813447,1.381903321611428,2.092567609620486,1.5215649400005598,1.3228663713822524
FM,2020,384000,8,1.615860684589825,1.2469852008456659,1.8451526306207398,1.3609614792987843,1.2159791190278533
FM,2021,385000,6,1.626723254166437,1.260127351713467,1.8918848348999477,1.3860107082520967,1.230658774639911
FM,2022,510000,165,12.811269771094484,2.640930874827408,4.104755408349676,2.7422174560292203,2.082706581604682
FM,2023,395000,14,2.0686323982032513,1.367476796059493,2.121377418150341,1.4983039829477611,1.3013178528346094
FM,2024,417000,16,2.106296939659245,1.3665039960393244,2.1686121370125644,1.509509208427672,1.3046171562608568
FO,2015,3588000,22,2.795953575532337,1.8585128771777755,1.6956442937592169,1.518385619535763,1.4374188376094852
FO,2016,5623000,28,2.872080067444946,1.8772733822684293,1.723557576112951,1.5357838615734516,1.4502206953179153
FO,2017,5658000,32,3.023354494802916,1.938655500657302,1.78213528402788,1.5718777877217682,1.4790539722397453
FO,2018,5503000,27,3.1047848505545725,1.9621637431409664,1.824069311358249,1.5946900274950386,1.4939375914432593
FO,2019,5474000,31,3.2627983454083003,1.9973297548760314,1.8737322180998035,1.6212291534022132,1.5114951203310547
FO,2020,5683000,30,2.9341577213673546,1.8792581534776032,1.7527149487240845,1.547807065999158,1.4557246579121819
FO,2021,5728000,31,2.908637658489791,1.8251325266032241,1.7540711552561767,1.533399079819848,1.4361629937199076
FO,2022,5431000,35,3.117506174154098,1.8816967969619554,1.8295878882405305,1.5772365933715053,1.466789088269484
FO,2023,5403000,36,3.09951976003199,1.827391254623109,1.8274653486367498,1.562325257696355,1.4467563695409598
FO,2024,5362000,40,3.1974644049959466,1.8476371025475256,1.8775960751169871,1.5846761183770357,1.460429832422359
FR,2015,5052874000,277,2.3952167572310676,1.5925491226200073,1.9496202490493684,1.6175681514413798,1.4603983655039343
FR,2016,7982905000,281,3.576328465215044,1.9429819132835469,2.4608117154487217,1.9370806352954235,1.6999572456735876
FR,2017,7487640000,285,2.7869333722357674,1.667546346381333,2.1062379466301167,1.696962952211412,1.508562715023483
FR,2018,7297048000,290,2.6842712532688755,1.6268502639301363,2.0574077419811023,1.65761159292583,1.477819724835702
FR,2019,7370295000,296,2.5415204326433036,1.5902587897537948,2.018931302950373,1.6304446251635445,1.4564198078946269
FR,2020,7611408000,303,2.0733776921886653,1.4150616550129684,1.8179722043038236,1.4725490947738016,1.330675102378881
FR,2021,7239851000,312,2.0409461093429693,1.3912671095160287,1.7992706610110996,1.4520978578777868,1.3131192373867602
FR,2022,6722011000,316,2.1462482007223374,1.4462816035054744,1.8554153851069082,1.5030621498976198,1.354359610555451
FR,2023,6886850000,326,2.320889124168544,1.5186047380998222,1.9489396690185392,1.5719808854777346,1.4069795042256557
FR,2024,7188051000,339,2.271430351708866,1.509205822478972,1.9449223438389496,1.5649673019296924,1.4008538953202714
GA,2015,6936000,22,1.9447928310011364,1.416387715666887,1.7945278504290236,1.4687553419136794,1.3326825822484831
GA,2016,11975000,29,1.8575909302757934,1.358356484101098,1.7202162684628732,1.4126856862605872,1.2874048948355996
GA,2017,12538000,30,2.026434248999741,1.4126413960622066,1.8313371434685897,1.4734198717805675,1.325971314680947
GA,2018,11126000,24,2.0926461398198395,1.463672143165412,1.8918016759414213,1.5231529110569957,1.3644056394557695
GA,2019,10869000,36,2.1256365357410854,1.4456206137448075,1.8569696649529497,1.4955462375887354,1.3440778200903154
GA,2020,9309000,39,1.9309382589825157,1.375946417380565,1.787598147337608,1.4399388137763864,1.3032387231268863
GA,2021,13836000,36,1.717707640520298,1.2909992094509597,1.6668750515616508,1.3524786071565635,1.2377397584573933
GA,2022,12495000,60,1.880676296752924,1.3582308055918983,1.7620039289209217,1.4226525703552986,1.2906615752957773
GA,2023,11223000,42,2.0034135431843096,1.4055544359863685,1.8425167736462118,1.4726007368283793,1.3266354769010793
GA,2024,11063000,34,1.8828707034308905,1.3698357896759488,1.7653778517016285,1.4309706291884814,1.2989524426870547
GB,2015,6533302000,277,1.4666252222699059,1.1182450851810426,1.4099962383736195,1.1612748417808707,1.0971736786178747
GB,2016,9748887000,281,1.431612241128214,1.1101883039525047,1.384958058903524,1.1503699400150849,1.09058023682388
GB,2017,9593464000,285,1.4774040848431333,1.1211335622580951,1.424500244056945,1.1660547345922923,1.0997619344581744
GB,2018,9644210000,290,1.536646794408838,1.1354833231388433,1.4784068829046833,1.1870128569666942,1.1118818426284665
GB,2019,9797508000,296,1.499856058966101,1.1282054786955156,1.4470584033272493,1.1762365736980323,1.1058538093632337
GB,2020,10821465000,303,1.4339380967478046,1.1022840189679106,1.384245766274337,1.1442552882294428,1.085338220050982
GB,2021,10708583000,312,1.401889413072386,1.1048057196799363,1.400566135476996,1.1499993567383822,1.0884654175776296
GB,2022,10225927000,316,1.6171383500548124,1.1895217473105888,1.5966677806434268,1.257883600871144,1.1587673406324979
GB,2023,10530999000,326,1.5350165930795538,1.141071982881118,1.5055387914317493,1.1986763537420646,1.118404196937056
GB,2024,10579021000,340,1.447758144934943,1.116723416036851,1.4610896128849942,1.1702545485509264,1.0993838072691464
GD,2015,2252000,13,1.3019658656267032,1.0867710400336004,1.2698046059819073,1.1103348118012055,1.0686715487741356
GD,2016,3408000,17,1.4009896611230936,1.1136212665358574,1.3418399314541227,1.1424245484367845,1.0889756194765707
GD,2017,3483000,20,1.6307201835166665,1.2134204849425319,1.5554161898956813,1.2654473898299972,1.1709425616314828
GD,2018,3368000,16,1.5736507516377787,1.189380257801615,1.527683714210207,1.2418646294636302,1.153181999487271
GD,2019,3799000,19,1.392464387072029,1.1090201358558027,1.3469838912407384,1.1411735457235797,1.0869761482430806
GD,2020,3024000,28,1.6065820633106727,1.163405714221739,1.4924986227198014,1.2058232872489472,1.1277417497613298
GD,2021,2460000,16,1.391940546897343,1.1124555089489467,1.388512512755296,1.1521259746786758,1.0919492954946615
GD,2022,3173000,23,1.5864446809514667,1.1634157702651347,1.5518698563370479,1.2201551317010657,1.1326176456432187
GD,2023,2901000,25,1.6704054989239385,1.186025510016417,1.5546244537556562,1.2350349796604838,1.145703322111664
GD,2024,2477000,24,1.580687259825002,1.161306850627553,1.5320957126793506,1.215054225817703,1.1304203373587092
GE,2015,87932000,228,4.166737436586033,3.0722639662455675,2.8792118661576835,2.6685625277975418,2.536131150968248
GE,2016,142936000,267,4.154732689764677,3.138421073810936,2.894804955885195,2.7022097250025157,2.5897655539097166
GE,2017,151094000,111,4.008711868272221,3.1253362424266204,2.8823108700640385,2.698487926097426,2.5974737474153424
GE,2018,153280000,172,4.062467582454507,3.1406293617116745,2.901335357860154,2.7138716125255646,2.614074994951373
GE,2019,153838000,119,4.032170152982408,3.083948452543739,2.913900473766132,2.7016414519082184,2.586043878653636
GE,2020,178939000,301,4.200618525482236,2.972696533715029,2.9527687588812634,2.6764606800625743,2.5231702133420737
GE,2021,206774000,298,5.1394831358363895,3.1238778681421886,3.1559764720765884,2.7998111688486733,2.5979712258775005
GE,2022,226645000,270,4.996877744435304,3.2990496034752064,3.0981127070764036,2.8373660128382134,2.700199736201005
GE,2023,229912000,308,4.763291151914435,3.3621603045302537,3.0663887814150046,2.8467883536980465,2.7388774338427577
GE,2024,208735000,183,4.171438200875111,3.2230390336784085,2.9600429822183743,2.766402179295759,2.6685823629072174
GG,2015,4664000,26,1.3858046594292743,1.1037057046732643,1.3244963542489714,1.13418694187912,1.0828288801819737
GG,2016,7217000,20,1.3306475111706038,1.0890844235432782,1.2820513525161454,1.1160574102127732,1.071721117644273
GG,2017,7788000,24,1.36561401863159,1.0978928612117549,1.317942134591655,1.1294634014341474,1.0794205139611561
GG,2018,7200000,24,1.383027486061887,1.1026451146057512,1.3262167005772991,1.1346841590598622,1.082986404842758
GG,2019,6576000,21,1.3237516011399288,1.0869515471067395,1.2716002764222978,1.111500730651362,1.0691993883919289
GG,2020,5972000,18,1.2626308549524776,1.0689288072618421,1.2420939698754272,1.0944019385678554,1.0570900147259301
GG,2021,7492000,22,1.2623159680269973,1.06808193482565,1.232153961724426,1.0918675761612804,1.0559470997788796
GG,2022,6632000,22,1.2882215360132416,1.0757176309894863,1.2460034546140382,1.099015212675005,1.0609726120222418
GG,2023,6963000,25,1.290410467650481,1.0757560061144316,1.2536373807844685,1.100609278996115,1.0615049330114905
GG,2024,7225000,23,1.263707911590829,1.068578849929375,1.23741355430141,1.0921381107159995,1.055983106456278
GH,2015,46005000,97,1.338632474099446,1.0830731163709735,1.2961615239513309,1.1126586381536905,1.0678105738097505
GH,2016,100543000,109,1.2799589804881417,1.067612757575582,1.2441731678171066,1.0921682163071664,1.0554508654258894
GH,2017,97364000,238,1.3655218868207284,1.0916091377783466,1.3147935781948972,1.1239752233456684,1.0751465833061504
GH,2018,88173000,251,1.4475887731257766,1.1102020360140132,1.3737105221894994,1.1487276271859201,1.0901548200375415
GH,2019,94072000,95,1.298047206740448,1.0743656441855194,1.2590427225827696,1.100462800779719,1.0608518586194295
GH,2020,105365000,82,1.2204847108586008,1.054329024014731,1.2068591663455284,1.076164986706902,1.0453320644342536
GH,2021,108577000,102,1.232574505117014,1.0567806358897356,1.2133454781826871,1.0784975697073729,1.0467560692627162
GH,2022,99069000,198,1.3013228933390484,1.070907746618469,1.2728074368402063,1.0980884627517165,1.0579157301758604
GH,2023,92939000,247,1.5332679985694166,1.115391867531852,1.4199611151015872,1.1568192965712678,1.0928869347818289
GH,2024,85418000,243,1.5536259793844127,1.1215018321362638,1.4304443045707687,1.1620252397022404,1.0961710029203773
GI,2015,3514000,136,2.839122093981651,1.414979291302354,2.074816580438958,1.5062781796128464,1.316725466295951
GI,2016,4727000,145,2.4894647071100935,1.3604194527339444,1.9641391704187097,1.4505763340841393,1.2816786206841686
GI,2017,4099000,25,1.9545750898034895,1.2912571815599647,1.7418139860658537,1.3586115234377927,1.2294972856686255
GI,2018,4219000,25,2.170294562288668,1.359188696962031,1.9259376129624253,1.4478157176022388,1.2841915265966313
GI,2019,4180000,28,2.1289576621416066,1.3358606455227526,1.8714186207613281,1.4202393255671741,1.266531232662526
GI,2020,4535000,28,2.1125529539010945,1.3297695390930575,1.8584298704769664,1.415232944044801,1.2630305346089001
GI,2021,4990000,60,3.1598231437170976,1.5336602582919885,2.275642130161345,1.6479243763217224,1.4122364450542628
GI,2022,4100000,29,2.0392864651832374,1.3102809114441858,1.85119707388091,1.4000555315562622,1.2505940657332082
GI,2023,4221000,30,2.109583158275204,1.3209308653297593,1.8680592709609136,1.4084655110453264,1.2562084382833754
GI,2024,4713000,36,2.4678511819889724,1.451469026007407,2.1475873571945585,1.5722291698179385,1.3621272711017238
GL,2015,1223000,17,3.117660139316023,2.339061109660227,1.9417073004544405,1.7134968602990193,1.6367275059733513
GL,2016,2082000,18,3.10606606122714,2.3355042963084287,1.8987498597004049,1.6973799311319673,1.6282953104207467
GL,2017,1999000,20,3.395305461762263,2.4264142694497153,2.0470971974661616,1.7744614799931793,1.6784965254453006
GL,2018,2009000,17,3.2737678275138262,2.410289867968214,2.021181272077857,1.762807056517278,1.6729820914269709
GL,2019,2028000,21,3.3185953331911886,2.418436830381819,2.0522117478783906,1.7740713808750501,1.679272260713566
GL,2020,2239000,22,3.267878920644646,2.3656717368745674,2.0456843579479203,1.7609644691083974,1.664500161685359
GL,2021,2332000,23,3.1869326776418916,2.2424796729528835,1.990955356024161,1.7213721605265229,1.62100899356536
GL,2022,2296000,28,3.5622345534210758,2.3404044861612165,2.175183859532969,1.8111638925828561,1.6753717306722458
GL,2023,5062000,292,22.83634893632133,4.90811291639915,4.583464569628702,3.5300047699619816,2.86587003594709
GL,2024,4522000,235,16.779692747395462,4.032545945837205,4.2060218149697475,3.1710126083804258,2.5651159035703226
GM,2015,1371000,18,2.047110174620673,1.3281701456531922,1.8272142657291044,1.3937141851521682,1.2509079583559637
GM,2016,2954000,20,2.060616785684672,1.340170579976219,1.8411887558178994,1.4081650296374886,1.2617211859200388
GM,2017,3056000,22,2.385845957208187,1.441583752496378,2.0326327081940985,1.519877044129398,1.334701406376877
GM,2018,3215000,22,2.2532729504589857,1.3992526832076144,1.9397926252537934,1.4660858389756226,1.3006344573083228
GM,2019,3577000,29,2.544383263673353,1.4773821866324512,2.0800207956332213,1.5440342667482987,1.3520162586955837
GM,2020,4162000,208,5.025417376538744,1.7715227988561586,2.75864923375212,1.8870349711424361,1.554472685703433
GM,2021,3703000,28,2.283694387166739,1.4165588578362496,2.022850655958556,1.5093124749984852,1.3256719191169306
GM,2022,3744000,29,2.397945471781315,1.4405602770801507,2.0740325236542128,1.5364157185560865,1.3431641235788534
GM,2023,3764000,31,2.515216713812755,1.484325094286211,2.1240659197540426,1.5799825017075702,1.3746157638965437
GM,2024,3797000,37,2.674811986353087,1.5222952251178756,2.1593763634497396,1.612338196602557,1.398978553045578
GN,2015,4681000,24,2.0341731183614864,1.4646892210678775,1.8679102718499716,1.5214438015932967,1.373018111458994
GN,2016,11939000,33,2.0291074198225965,1.4816858786733056,1.8357014714329865,1.5255730397762797,1.3847989871836293
GN,2017,16098000,38,1.9921267352075662,1.4379026903280017,1.8103573850860666,1.4912797511636247,1.3520292086469192
GN,2018,14748000,44,2.0235039937347525,1.4388958983858169,1.837440192379405,1.4977567552427136,1.3528191712902433
GN,2019,16316000,45,2.07374340402717,1.4771854156909834,1.8664951663064842,1.5278336015395309,1.3803512927570076
GN,2020,13164000,32,2.063075885872997,1.4649093098262855,1.8692963472955124,1.5162028862838302,1.367379846191901
GN,2021,16171000,91,2.1072180496502306,1.4380455442535263,1.9019459979096993,1.5025812139180286,1.3461921773186256
GN,2022,14213000,51,2.1954038285425237,1.5018064964942586,1.9729396382599254,1.5638741155540283,1.3961239222863886
GN,2023,12178000,45,2.2729434967643853,1.535103497978186,2.026732844705317,1.5983713752473874,1.4214511605335616
GN,2024,11007000,33,2.299700916371427,1.565499505511221,2.0624275913362786,1.6258985300808886,1.4436861828671639
GQ,2015,913000,20,4.433931011314918,2.78384335623232,2.8163215356478575,2.3943022168087027,2.1485641261418627
GQ,2016,1568000,19,3.702632211175241,2.3641297345115726,2.552251298327887,2.1522809323823915,1.9242091584371468
GQ,2017,1988000,20,4.041258268243636,2.5038925494171314,2.7037867650059235,2.265528485789841,2.0028882758868276
GQ,2018,1631000,17,4.157737421698754,2.5631385176898847,2.8166408192100896,2.336004263800648,2.0404258861217985
GQ,2019,1830000,22,4.108944532377338,2.533682566775008,2.722881130558191,2.2833029300143894,2.0150031990668626
GQ,2020,2098000,25,4.100842297064046,2.4605196959905906,2.675140540523307,2.2354849827022245,1.9797724336632503
GQ,2021,2179000,20,3.37205352253744,2.1440274584869203,2.4512964417664556,2.0305027293949527,1.798090225212728
GQ,2022,2363000,20,3.275859829306852,2.136350645350739,2.379706562460197,2.0057182692951705,1.796647492531047
GQ,2023,2552000,23,3.1081175402669095,2.003992782467205,2.311724201615621,1.9287257237828719,1.7202548047589532
GQ,2024,2611000,21,3.290478692301302,2.081602486690982,2.399295217692029,1.9929752730359915,1.7682981478016553
GR,2015,412143000,235,2.948104530936759,2.1735999210949526,2.2002543073947063,1.9985553161772178,1.8915508933187135
GR,2016,662262000,220,2.9207698080228557,2.199596512135732,2.194686486702085,2.008021144080293,1.9131101252063851
GR,2017,678217000,274,3.0879007920366193,2.325954255401195,2.2698428000323654,2.0841144036599375,1.9972444799171374
GR,2018,696978000,276,3.091435304231693,2.3529951208062454,2.273973456590092,2.096551563922028,2.0174442466364924
GR,2019,708405000,283,3.1583317154529946,2.356334967444785,2.2867258870402294,2.1002575548958036,2.0201944991028693
GR,2020,797568000,275,2.722494221814011,2.212071152538551,2.1264801883849085,1.990731241319867,1.9367756264625786
GR,2021,857906000,281,2.7621502263905557,2.2253082984236263,2.138817049950463,1.9999340440759736,1.9433099432454297
GR,2022,832857000,310,2.923033054461497,2.2722309121964877,2.1975503772640055,2.0362645395613708,1.9709341664728646
GR,2023,878785000,308,3.092378213108338,2.3294207946049785,2.278173205150932,2.0853304388585774,2.0058562954547265
GR,2024,881046000,220,2.991431429118674,2.298731559077746,2.249373761629778,2.062722395756555,1.988792124369184
GS,2017,3000,1,1,1,1,1,1
GS,2018,4000,1,1,1,1,1,1
GS,2021,30000,6,2.7231574197962702,1.9148936170212774,2.3695708528222865,1.9633010485456341,1.7185616593667579
GT,2015,136457000,82,1.5444158044172145,1.2623178043043644,1.533738065844427,1.3130274315008463,1.218799390037939
GT,2016,222756000,90,1.4818935553858523,1.226426194668153,1.4915745086542318,1.276760371120283,1.189842289546699
GT,2017,218860000,68,1.5006266437070932,1.2330423347238124,1.5036375646306066,1.2843364243488746,1.1951489645705513
GT,2018,212026000,76,1.5180341992443067,1.2401354478155375,1.5160194552153166,1.2924428793893368,1.2009882552620654
GT,2019,203164000,79,1.4984981374283364,1.2369428272338532,1.5056071043754156,1.2879212813207102,1.1985355069544188
GT,2020,207054000,82,1.527965674179532,1.2554034416934063,1.5272201376957748,1.3065871481388758,1.2135330616091364
GT,2021,172459000,65,1.5642715390439839,1.2809753163725792,1.5559699091756065,1.3324429572080698,1.2346390558572327
GT,2022,160761000,75,1.7087100044302215,1.3699029919580132,1.6437131300554573,1.4156902114413152,1.3053162314775895
GT,2023,172068000,70,1.766855107248607,1.3950078338782466,1.6698461012400485,1.4373248619549335,1.3232017827023748
GT,2024,148694000,122,1.7721524303379532,1.4082759441292445,1.6750083669209836,1.449026117095007,1.3353636336157795
GU,2015,6937000,60,1.5513495536697595,1.1755848875707313,1.6960983068240483,1.266800328357157,1.154610674308109
GU,2016,10317000,18,1.4589760006351649,1.1597600985586716,1.6479594010659955,1.2448245398746667,1.1415353175714187
GU,2017,10448000,20,1.4994116777256834,1.170803565054558,1.6868896919832457,1.2604273227353209,1.150405048865878
GU,2018,10258000,20,1.5701287395762777,1.1972361112947352,1.7711765569560112,1.299944110679523,1.1736942402710988
GU,2019,9612000,27,1.6362534632567365,1.2206022925415712,1.8117462736024454,1.328560646977314,1.1928886949079078
GU,2020,11145000,60,1.6891601906460467,1.1948260026506816,1.765126492925131,1.2910462636944597,1.1680292472096518
GU,2021,10056000,132,1.9747805682871393,1.2311182365713216,1.913466397034638,1.3444437821272361,1.1968027763156819
GU,2022,8412000,135,1.8684092595910078,1.2013271451683492,1.7784376754427647,1.2890110401539514,1.1662734289996535
GU,2023,7492000,22,1.5321272003074848,1.18627546996892,1.7221116477215,1.282947977350369,1.1650359240940806
GU,2024,8085000,26,1.4931046929009582,1.1550872514886497,1.6736915800078218,1.2430725225670203,1.1377281827746564
GW,2015,477000,10,3.459942893888851,2.2466452727721546,2.3655676770167378,1.9986899157166187,1.7865449409219323
GW,2016,957000,11,3.360344862128395,2.218094497685875,2.340205164860396,1.9907475312470846,1.7877119663816807
GW,2017,1158000,12,3.2991036712403132,2.177738079771339,2.338986993056156,1.9806571805121074,1.7749650417171852
GW,2018,1022000,10,3.338347237897609,2.194303337408981,2.356165300262066,1.9876998181437082,1.7758407284470108
GW,2019,1080000,14,3.3231448612813517,2.191467855089564,2.3305374283680007,1.9857301136447243,1.7858008124317293
GW,2020,1260000,18,3.580190591985031,2.219407654691707,2.381866821827694,2.0145925658645036,1.8016539757307837
GW,2021,1219000,11,3.29340775607926,2.1725624189471135,2.358989900941071,1.9849058067765453,1.774555842478746
GW,2022,1057000,14,3.6912664458067588,2.4062306839107075,2.5189618745642277,2.134133300990234,1.9127311318577271
GW,2023,1628000,17,3.6287512519498164,2.3763184415044125,2.4289434833270325,2.087423135083729,1.8868484771428722
GW,2024,1518000,19,3.7369931191445835,2.3986284772099875,2.4683991525809517,2.105574749212473,1.8987569670368087
GY,2015,5720000,16,1.1584074162401405,1.0421414582552564,1.1605914078568702,1.0588013274786419,1.0351091750106312
GY,2016,10271000,30,1.251854339039448,1.0671538228337436,1.21923335856535,1.0864509907921949,1.0532464182060999
GY,2017,11385000,40,1.4403258480892556,1.1326698988135822,1.4136346648467442,1.177872707874918,1.1101033895815338
GY,2018,11415000,38,1.4466943956960903,1.1421051506423674,1.4340260864096506,1.1908149182624042,1.1186576123893779
GY,2019,10427000,32,1.3530399303188687,1.1012813557496006,1.3326522940112753,1.1376533691360469,1.0842284325551428
GY,2020,11698000,45,1.373827728596337,1.097461013939129,1.338135599873834,1.1329761770530355,1.080352949726901
GY,2021,10171000,48,1.3540524925257185,1.095925349318572,1.374168311632116,1.1389486181470243,1.0817879972871094
GY,2022,9338000,56,1.480668461667931,1.1310058234742955,1.4933431208219816,1.188359538995539,1.1112400125923287
GY,2023,8353000,36,1.5075004970318266,1.137520925436898,1.4777963985335032,1.189527649716691,1.1139019367129732
GY,2024,7695000,58,1.5216760723236415,1.1424433490591188,1.5360395102507647,1.2041890291832016,1.1203365330531199
HK,2015,750720000,264,2.379257569801153,1.9531877570034053,2.172312343671703,1.9478712724709182,1.825679779701604
HK,2016,1150047000,269,2.3279251749517913,1.8803175304701876,2.167954936713238,1.9088022822522197,1.7663009185579044
HK,2017,1210586000,274,2.6427087743182054,1.9123862862260685,2.3287040823095015,1.9686367721325921,1.788657949965802
HK,2018,1232505000,273,2.3046240354378926,1.8220824696631606,2.1702043863893374,1.8761776961745837,1.7183760352667137
HK,2019,1635150000,292,3.6992797764411467,2.3626006697938147,2.7797808916387003,2.337447785895096,2.118585454150595
HK,2020,1643811000,301,3.034756181773232,1.9849395832022927,2.5629097770402174,2.07601743643077,1.8435682853918107
HK,2021,1867106000,312,2.4302097859993603,1.7015001390373008,2.2822915049876245,1.8292620972421256,1.6158386534912008
HK,2022,1585224000,316,2.2438751888878192,1.7076169999775799,2.1419370491149583,1.7989089904243643,1.6231299830040067
HK,2023,1402068000,325,2.3184668233887997,1.7863166208930126,2.1662088382952978,1.8533635035546139,1.6886260528590329
HK,2024,2052311000,339,3.277447233858237,2.1347614331149223,2.562379403041924,2.148520441362051,1.9572034451170475
HM,2018,8000,1,1,1,1,1,1
HN,2015,62221000,42,1.6863747851863546,1.397228892546127,1.6305350209025267,1.432364212502235,1.3273821590729205
HN,2016,106162000,47,1.6433587581735265,1.3592968121931202,1.6061087454828689,1.4009360668626099,1.2975335760001883
HN,2017,109428000,46,1.6586005317930173,1.3551072247299711,1.6139325756028005,1.3994899699222225,1.293817064298058
HN,2018,107785000,126,1.7892452550872124,1.4115558834518689,1.679741145176277,1.4524564317307123,1.3378710819829407
HN,2019,103195000,252,1.975595966122997,1.4580163398888546,1.7641900923985518,1.5001322027524853,1.3722978591925434
HN,2020,106417000,120,1.8242637832817974,1.4376576539478982,1.7037446087289023,1.47471063232869,1.3583165286560588
HN,2021,89871000,145,1.892361224681053,1.4787510046530157,1.7388973628591227,1.5094376610331863,1.390224283924233
HN,2022,80212000,150,2.0308817057850135,1.5677822071291416,1.7961910782446262,1.577798436876947,1.4577811349097047
HN,2023,32874000,291,2.4476885181521335,1.6495344717683749,1.9665803596818887,1.6643255943946023,1.5145023495082721
HR,2015,224973000,206,3.6748776732668746,2.439204490077969,2.0135316511561756,1.8944837107554167,1.8267536743667918
HR,2016,352592000,167,3.666102219434038,2.4653902659415747,2.0035675722139477,1.8933661852486983,1.8319016769637475
HR,2017,362309000,250,3.9466259277643685,2.6447287003619793,2.0271995631226325,1.9295308977028256,1.8793684339608345
HR,2018,373774000,213,3.9322290673815035,2.6687314637363575,2.013258218064558,1.924651160756128,1.8798282046990005
HR,2019,357976000,201,3.8878719238281567,2.638021664827547,2.0155911015290853,1.9221728837196237,1.8765478949340184
HR,2020,402767000,142,3.4729137871411693,2.5268769912727156,1.92751668801131,1.859864030132341,1.829629233912339
HR,2021,397674000,167,3.4680928875199903,2.4898386798460397,1.9424333076600306,1.8684840765564061,1.8329173123380273
HR,2022,401022000,238,3.6558378799354996,2.5233954062636728,1.9758016744811886,1.885969277140472,1.8419019675299333
HR,2023,430504000,257,3.80762370871838,2.5421218044877656,2.0227204481146464,1.9092327178675172,1.8542823941895268
HR,2024,407429000,184,3.6756228924075023,2.49187694179666,2.002358643515125,1.892491724437075,1.8393218563901088
HT,2015,15782000,41,2.0372166120343023,1.5471116241878111,1.7663070791043924,1.5443670636323086,1.4250903866611697
HT,2016,27103000,49,2.0237664382745706,1.5182876997457537,1.7524759167659667,1.5231402633534956,1.4027295766399883
HT,2017,34604000,55,1.9483088788407887,1.4402744927228717,1.7119744812831292,1.4639875100448272,1.3431422845035996
HT,2018,34076000,57,1.8560258971853414,1.404302753584243,1.670916328881243,1.4320817221957265,1.3178499992252506
HT,2019,29468000,44,1.8309774786698827,1.406631661061952,1.6561678770781378,1.4300510344131294,1.3196164087140363
HT,2020,30532000,47,1.7870028968587452,1.3793931197799008,1.624975974060945,1.4021675550546626,1.2962925942478687
HT,2021,30115000,43,1.7309517036304556,1.3537502903135548,1.5968758365773605,1.3789857428614802,1.2772270579826603
HT,2022,25039000,35,1.817055149042557,1.4043506464682192,1.6481835094922934,1.4223965754062622,1.3138946154346287
HT,2023,24112000,39,1.8566590266143157,1.415865015325421,1.6471302731312334,1.4218613864097203,1.3137170889019028
HT,2024,20286000,39,2.0055372578163504,1.490614040763769,1.7184845593268159,1.4827706836094807,1.36615902842412
HU,2015,417901000,214,2.6554763337923517,2.042589121094329,2.146929312308237,1.9339706736833306,1.8231292434275714
HU,2016,678163000,270,2.6807921503111047,2.0138063703014426,2.1651561523249367,1.9271977037446675,1.8034038299671238
HU,2017,685947000,245,2.7766307716842986,2.057742734493571,2.2257088811527965,1.9681264990363574,1.8339804571247171
HU,2018,723140000,262,2.650006591724489,1.9851425282716988,2.1816113487036124,1.9218985727319216,1.7845905195580056
HU,2019,751284000,262,2.582939834855999,1.921195958484622,2.1489260387292095,1.8805249293632051,1.7399135134012658
HU,2020,883014000,245,2.382253790201536,1.829275222793275,2.0576490429220793,1.8076075463418126,1.6745735709740401
HU,2021,894329000,212,2.3696871962858808,1.8493352138560788,2.049232523636562,1.815030230225438,1.689903544860596
HU,2022,819475000,211,2.535016934803382,1.964270640463653,2.116503486764851,1.8901658048757115,1.772880033467604
HU,2023,836313000,270,2.7232197895405803,2.069837313351165,2.193919950566042,1.961053501127065,1.8465861060220812
HU,2024,839094000,220,2.6240012578096827,2.0290334649371844,2.1609979181591736,1.9317972911861767,1.8196400003992221
ID,2015,1065108000,234,2.293440162426973,1.9619645743301846,1.9300591111687613,1.8258326200847135,1.7646996116801419
ID,2016,1872683000,267,2.259545616350596,1.9218417045010803,1.925463004743279,1.8082158471406435,1.73747501566722
ID,2017,1925472000,278,2.463454169809146,2.0077756570574334,2.018898959024271,1.8744627691582096,1.7956915605816504
ID,2018,2067121000,282,2.511587472852835,2.0692262698803323,2.0388928893643232,1.9070882547082852,1.8406709440443396
ID,2019,2353913000,284,2.2810792621007323,1.898146151819643,1.9353227852221222,1.800759049185619,1.719553532828891
ID,2020,2726700000,302,2.3028759567377026,1.8826385581004255,1.9413603008029081,1.7953378583884645,1.7084985841645974
ID,2021,2300497000,307,2.6548874421144957,2.1085218525435194,2.085089596197327,1.9360987719073264,1.8699138202613435
ID,2022,2104554000,309,2.5648969194466553,2.121685565436979,2.0383441639997644,1.9262744671592322,1.8800705984244814
ID,2023,2340926000,322,2.582734259231949,2.120843700326171,2.0376277024122658,1.9239597622138684,1.8749936803663885
ID,2024,2159273000,328,2.660363482226149,2.160324648654836,2.079721955249586,1.9534548947830628,1.9034278881433977
IE,2015,585044000,259,2.7055508071812513,1.5025554282789162,2.2079102483888597,1.6057952447266617,1.3849347222106418
IE,2016,1070754000,272,3.2452759027663154,1.7406124911438063,2.485634432178241,1.8446754051780485,1.5662094932044799
IE,2017,992522000,277,2.7583244491376147,1.540810647817172,2.254731812933107,1.6472271069968982,1.4176005827721399
IE,2018,859347000,283,2.578437198235872,1.4433953746534174,2.140849001112047,1.5479679579687022,1.3437405043118011
IE,2019,1255932000,294,3.3475101707741484,1.6434048669373873,2.4195588089147395,1.7605144253563192,1.4917602530973324
IE,2020,1068320000,298,2.3603943772176663,1.3922354491342694,2.0347892559346183,1.5035328103888674,1.3155639607809515
IE,2021,833740000,302,1.8101757969141237,1.2170580851631296,1.6775605225529644,1.2910927100229765,1.177628348181776
IE,2022,755035000,309,1.7993282449309593,1.2082844316737285,1.6507830072219893,1.2784694836517068,1.170035714896122
IE,2023,888280000,326,1.9655850349239865,1.2353925867853501,1.7271645473153772,1.3126769456926413,1.19067304022286
IE,2024,821978000,319,1.7530288376980439,1.1927248752463284,1.6131593135394557,1.2589079080025742,1.157697542654328
IL,2015,593913000,276,3.4201376530933905,2.475678237840365,2.554883135610156,2.2897248138153445,2.1308368751530447
IL,2016,943102000,272,3.4484045304552513,2.4788507321757995,2.564696524532547,2.2945723872840706,2.1324472088042175
IL,2017,960393000,277,3.3500979290376143,2.4321109489825408,2.5408286016879837,2.269606503641113,2.101815022965555
IL,2018,1020075000,281,3.2556118904561067,2.3694268712875255,2.5110270933193326,2.233491771260669,2.060250759079276
IL,2019,1066161000,288,3.3507569432636966,2.324017659145921,2.527642205733185,2.2154605351985728,2.024929066655552
IL,2020,1187387000,301,3.0513835274052075,2.1792201504909334,2.435953806508639,2.1180829440343065,1.924548035657606
IL,2021,1174047000,308,2.9718604428922095,2.14274238758413,2.4118014236428706,2.094506691868688,1.9014797065372986
IL,2022,1119677000,303,3.0933437582074643,2.2290962112080432,2.458081542784655,2.151025908781137,1.9621682931554827
IL,2023,1186066000,319,3.122826750884945,2.2350104143447727,2.4730318666303814,2.1587643462173487,1.9635693271523358
IL,2024,1146242000,322,2.9964873596696284,2.173404624693105,2.4302366418433787,2.119055380968,1.9285413830599922
IM,2015,7244000,24,1.24880374918126,1.0647440125880978,1.2116614831179584,1.0842915853050175,1.0519718670661018
IM,2016,10982000,48,1.3118458366962817,1.077134478454734,1.2563705410382857,1.1015590631830077,1.0621788746406733
IM,2017,10996000,33,1.3444221508541727,1.0880620107435848,1.2978048933815116,1.1169797758551772,1.071301545882382
IM,2018,11311000,91,1.5643611391335934,1.1387960199491205,1.47175258916176,1.1867150391189905,1.1126728802905945
IM,2019,13849000,37,2.2023594151895804,1.5612831099388422,1.9920162070324579,1.6117649403510683,1.4475221237320675
IM,2020,13181000,39,1.4931321680195102,1.1308064590506208,1.4425017169762249,1.179005303073506,1.108258073227928
IM,2021,13404000,38,1.419906677148841,1.1059200490697072,1.3744182062824886,1.143705124027835,1.0863834454477297
IM,2022,12202000,33,1.5233962811169965,1.1403485724871854,1.5320322909943418,1.2005757716014156,1.1177499950767915
IM,2023,15176000,263,3.1640489915908665,1.4223004526355796,2.321198805517868,1.56532330796498,1.3341929630313352
IM,2024,15100000,236,2.5754673228504155,1.3260287397377746,2.065483917660092,1.4397721225568498,1.2601422983104498
IN,2015,3801758000,275,1.3015602054233384,1.0807918718764022,1.321384285188244,1.1181480203225274,1.069425927190019
IN,2016,6616084000,281,1.3395674908010156,1.097673075833393,1.3570808630626583,1.1392755165763284,1.0834600850832106
IN,2017,7223029000,285,1.5880092453426906,1.193291007754619,1.587987769846886,1.2619228646205825,1.1629189034557113
IN,2018,8518059000,286,1.77827252507621,1.2696043866831648,1.738945879904142,1.3533519440544903,1.2250484883532984
IN,2019,8883083000,296,1.8243056048257777,1.2906924433979121,1.7778146982926633,1.3774014611591978,1.2423969346712465
IN,2020,9341454000,301,1.7952304880549765,1.2588810421421637,1.7487440950939954,1.3452100068782693,1.2170134121710727
IN,2021,10152054000,310,2.1214851985619934,1.3388086957477798,1.9211975100247332,1.4395374672641923,1.278448201449126
IN,2022,9962487000,315,2.2003622192153593,1.3611069521414583,2.0094797435576672,1.4771254721687077,1.2988174523967302
IN,2023,10785683000,326,1.9831248128632941,1.3238088901368033,1.8984125263436584,1.4273925589366616,1.270326084039895
IN,2024,9537422000,339,1.8891598327291614,1.2889954203559015,1.8528844609994497,1.391515252265588,1.2436974327049282
IO,2015,59000,2,1.0897142450154236,1.0344725111441306,1.1090555300354734,1.047486833116328,1.0295922743607564
IO,2016,108000,2,1.0539756277919188,1.0186899563318779,1.021120045331173,1.0149358791568992,1.0116759223823386
IO,2017,105000,1,1,1,1,1,1
IO,2018,98000,1,1,1,1,1,1
IO,2019,98000,1,1,1,1,1,1
IO,2020,80000,1,1,1,1,1,1
IO,2021,87000,3,1.2365798878089767,1.097115523988984,1.435411260356364,1.1556359710363715,1.088663585553542
IO,2022,98000,2,1.0585893547675647,1.020616365568544,1.1349827606455267,1.03653503250429,1.019236140290994
IO,2023,98000,2,1.1047547774326025,1.041648590021692,1.1634465077228133,1.0626755232227487,1.0371153215631375
IO,2024,101000,1,1,1,1,1,1
IQ,2015,103265000,107,2.8052881049941463,2.2418197853227353,2.1509639819538164,2.0054450902326524,1.9481776416814078
IQ,2016,158507000,97,2.8023682897868207,2.1927670638224503,2.166305491756945,1.9922137556752222,1.9122848671610522
IQ,2017,172376000,145,2.898595171178682,2.144110365331218,2.238541951961523,2.00041145917171,1.8796483657607548
IQ,2018,170075000,120,2.7689367648374343,2.020427051780152,2.2115233221757453,1.9405782451429918,1.796314222473336
IQ,2019,178822000,180,2.699448795427089,2.0056232410477324,2.1841832157313417,1.9269964067972318,1.7891150332531764
IQ,2020,260824000,124,2.3737530925807513,1.8077705718840185,2.0427811893302237,1.788178232636913,1.648550582860564
IQ,2021,276005000,178,2.360109557393018,1.7333036429483106,2.058583410121268,1.7523584229125175,1.5913436109105836
IQ,2022,291212000,250,2.7184578734573575,1.8848764260555015,2.204752666846612,1.866523222079415,1.6882967598868064
IQ,2023,140547000,142,2.9391722563891083,1.9795942899996006,2.304203845927404,1.9317431677159078,1.7372904593703309
IR,2015,2299938000,240,1.7082901261090748,1.4604553174594672,1.6673656932256737,1.4853712417979428,1.3815247724020834
IR,2016,4399352000,280,1.7170209474378526,1.476698481924935,1.672490626871337,1.4969624407525426,1.3944003478514297
IR,2017,4354903000,282,1.8577454863902214,1.6334241597130426,1.7381838701189605,1.6041884479863981,1.5147606825035498
IR,2018,3462478000,286,1.984257287437734,1.7879180738326743,1.7869527117256976,1.6944542239595362,1.6290809494957152
IR,2019,3554624000,235,2.031165207112888,1.8915546772177667,1.8004887972730164,1.7440365380010194,1.7038619110047275
IR,2020,2363414000,299,1.9929235811777632,1.755686571189133,1.7949089213447984,1.681557315892064,1.605160653062899
IR,2021,2413237000,299,1.7349997599608904,1.4073135734607125,1.6789083135452976,1.4523252828294821,1.3388650188308133
IR,2022,2754802000,316,2.272343300305541,1.6714757242610496,1.9356538888074069,1.6754449712302397,1.5401250998068048
IR,2023,1283929000,319,1.7831621703695473,1.4147800731083535,1.7040814473265011,1.4625195833188662,1.3441123816327858
IS,2015,33845000,76,2.6087862232833876,1.5555727857693622,1.7830722017438927,1.4660309460042258,1.3414634495552613
IS,2016,53271000,85,2.5863418645882494,1.5754672999292196,1.7805144902119459,1.4722934954371094,1.3498828919369217
IS,2017,55753000,65,2.750852418250127,1.6421389268714601,1.862128476200821,1.5255677948050277,1.3892108461528676
IS,2018,98111000,147,4.541220337206927,2.1782940342677928,2.132159411617717,1.7697879163389043,1.5944891151673104
IS,2019,64638000,104,2.7391829342714553,1.6087770973938653,1.8880498585622985,1.5266877125010097,1.381902373644168
IS,2020,60797000,75,2.5973400001929865,1.6274100902343385,1.805951715463867,1.503535130381301,1.3790070587176415
IS,2021,59637000,64,2.573923600443632,1.6136015190289232,1.8003908952477752,1.4944247641622985,1.370974991884098
IS,2022,58169000,222,2.9597207537847434,1.660661357577108,1.944949512318679,1.5600225026874623,1.4077738303325393
IS,2023,66412000,305,4.1224731504835574,1.8747252805396344,2.3328907853196044,1.7701572869173348,1.5434471410932509
IS,2024,63793000,299,3.4785802571555227,1.8291211265227925,2.1350685132180414,1.6796914636755038,1.4984110323511224
IT,2015,4188486000,276,1.758546379726999,1.3205939466847634,1.5365275743135938,1.3350308551987202,1.2433466681332004
IT,2016,6704967000,281,1.801792886839255,1.3534983972800758,1.5656008636475922,1.3632364379823665,1.2677022447428492
IT,2017,6479594000,282,1.8037038772866703,1.3336280160709328,1.5638125083821233,1.349675503242014,1.2530244051659554
IT,2018,6668057000,287,1.804197733941719,1.332541888844633,1.567308351145198,1.3498011762472726,1.2524425648348076
IT,2019,6763411000,294,1.7790982812338785,1.3202265634116546,1.5490191240158486,1.3375811497252061,1.2434427128838794
IT,2020,7299268000,301,1.7412385241319235,1.3139808512496312,1.5341962261530262,1.3311109200781268,1.2400620476924298
IT,2021,6899465000,310,1.7219438057873961,1.313969075303216,1.531225555026604,1.3308915604984008,1.2404074982782685
IT,2022,6227902000,315,1.8518133362441058,1.369911868262093,1.5995012626303584,1.3818735099629542,1.2806526165646417
IT,2023,6217062000,321,1.958232720664732,1.4097914562096314,1.657027291368509,1.4194156795649695,1.3089085057827885
IT,2024,6197632000,331,1.984187472833858,1.441225999029499,1.676466391585724,1.4433247195555332,1.3319048538605855
JE,2015,8033000,28,1.3822249910135498,1.1043437294681455,1.3411953473613123,1.1390972372262675,1.08534155552907
JE,2016,11726000,32,1.395958022708972,1.1086236779130345,1.3474134738532988,1.1447993676766943,1.0890168084586487
JE,2017,11548000,29,1.4400900922229403,1.1208054504659264,1.3805725990586553,1.1604408200271785,1.0987866798866706
JE,2018,11358000,23,1.409996448046202,1.1144975345518506,1.3603734773588831,1.1519887306287717,1.093660624459039
JE,2019,12543000,29,1.4425586492714513,1.12078809915055,1.3863402067846045,1.1608417618998759,1.0986460920226555
JE,2020,14417000,26,1.315069710140285,1.0850777300558518,1.2829269629955904,1.1157510807072588,1.0705941958375431
JE,2021,13999000,28,1.2781560270105454,1.0734068600487119,1.2487234300912065,1.100211354723353,1.0609955932830892
JE,2022,12451000,29,1.3673635370052541,1.0978561052427618,1.316367274109742,1.1292080308955994,1.0793397134943516
JE,2023,12713000,29,1.3395427863990892,1.088383545701314,1.2877402255556065,1.116850312990882,1.071704707368411
JE,2024,12947000,33,1.3860795631384955,1.1021706701572864,1.3571910885592753,1.1397998008345138,1.0843040064796547
JM,2015,32120000,91,1.211719823538683,1.0498127828796275,1.1812168806185892,1.067854148111426,1.0408848394119712
JM,2016,51698000,79,1.2498939149120953,1.062790391295867,1.2201317135340932,1.0853138892559924,1.0516977321557235
JM,2017,56687000,64,1.330157279174184,1.0967543601381073,1.3035428893726326,1.1286983863819087,1.0798801309869985
JM,2018,48236000,81,1.3990770753853796,1.115267542470852,1.3471178782236681,1.1506287997562796,1.094150585426426
JM,2019,40788000,201,1.3911760572842202,1.091313227208401,1.3121407820092323,1.1222160391244522,1.0741113446433128
JM,2020,46485000,83,1.2710419674381743,1.0628240466555916,1.236725209763409,1.086976085549404,1.0518144849451454
JM,2021,41791000,63,1.2264681020614603,1.0521187383161168,1.2102475523692777,1.074463887479147,1.0437520162844136
JM,2022,37965000,67,1.2724123565253216,1.0662646497607933,1.2605142165951557,1.0932024018108368,1.0549743862016496
JM,2023,36036000,53,1.303075239195038,1.076014592331306,1.2719229509698158,1.1028609804407872,1.0620293842586548
JM,2024,33552000,136,1.3102566076885314,1.071112272428627,1.2827450945577343,1.0999288352164103,1.0588106355874123
JO,2015,76400000,72,2.497194181249121,2.0871075707154656,2.012012492784662,1.901707644546933,1.8485101182767398
JO,2016,123446000,158,2.5056252952203395,2.0396349821873105,2.025877952765458,1.8861949693995477,1.8152677986700934
JO,2017,129669000,93,2.602103144829021,2.0410278145380296,2.082405427883867,1.9029080210834732,1.8047632509132692
JO,2018,134840000,172,2.6591897982744843,1.9980980131155728,2.1209125052651157,1.897261243029435,1.7757634437047445
JO,2019,134771000,92,2.4106048119981716,1.8636281706538653,2.016278993112792,1.805422617067463,1.6863693961074375
JO,2020,152614000,101,2.1894054708487194,1.757860630873927,1.9112420383226434,1.722517079819426,1.6111915365917528
JO,2021,160685000,93,2.1450958541423097,1.7072068290411153,1.8931685524590696,1.690743785497906,1.5727786758760454
JO,2022,141990000,202,2.483760604213876,1.861380702070767,2.030877987539574,1.8050198973934386,1.6809022425635642
JO,2023,141435000,127,2.697918224461903,1.9250998445062437,2.165773008827737,1.87618069830471,1.725278413179745
JO,2024,126539000,167,2.560423031206942,1.8899976505550764,2.062625262975532,1.8251611188889105,1.6953233158707088
JP,2015,9688537000,277,1.300732962422346,1.1127349378226519,1.4552618418730288,1.1747706280204289,1.1020388031292199
JP,2016,13491867000,281,1.3302055738781702,1.1179353750346281,1.4806765458465514,1.183034334375614,1.1063870726164364
JP,2017,12850043000,285,1.3370846262153695,1.1194373311006804,1.4918059320401562,1.1855120428456243,1.1074066469709334
JP,2018,12806997000,290,1.3500071529049047,1.1293248562364098,1.5157634421716524,1.1994975254086249,1.1164393859149877
JP,2019,13094128000,294,1.354206511570312,1.1262096464448696,1.5101740553961103,1.194792698517154,1.113165030414681
JP,2020,13913623000,300,1.3034858054143592,1.107567850999086,1.449431207989584,1.167602951907056,1.0968309607420552
JP,2021,13450845000,303,1.309491998795143,1.110459906493913,1.45699886254659,1.1715977072671198,1.0993380122390735
JP,2022,12220696000,312,1.3322351855972865,1.1202908230389708,1.4875892655201273,1.185999265588196,1.1081441355506727
JP,2023,11418976000,326,1.3968774402268667,1.1477674569045182,1.563378024499581,1.224950940056677,1.1324706183559041
JP,2024,11362780000,337,1.4485904441079906,1.17000468695387,1.621098398576821,1.2557373953626474,1.151899977740952
KE,2015,73809000,168,1.3468446991445364,1.0814999986650427,1.307355458639414,1.1119378515048575,1.0666007166576248
KE,2016,180293000,85,1.2692875875011969,1.0684205609175648,1.281087676844636,1.0981568664759718,1.0574225273975109
KE,2017,175304000,107,1.3874179866080496,1.1050846360469437,1.3981035886767879,1.1490638951312653,1.0882247630502164
KE,2018,159187000,273,1.5232155541501846,1.1356140321385768,1.492110744324419,1.1895117357431648,1.1125944554935243
KE,2019,162563000,280,1.4699870470264216,1.116107023895598,1.4447200526262407,1.1642207408321217,1.0965453601566002
KE,2020,178284000,255,1.3785877836517406,1.0977529417313998,1.4008685223254447,1.1433330064232323,1.0831817506322516
KE,2021,180491000,198,1.3992687653811284,1.1126624483393497,1.450878313596694,1.1664730745207166,1.0970616254037089
KE,2022,188198000,303,1.6696860953085124,1.1686056672760736,1.6426472506958525,1.2423014461156858,1.1414965647304811
KE,2023,198686000,219,1.594720303816735,1.16546295911014,1.6194314254363582,1.2400385975109809,1.1410727023584084
KE,2024,158210000,275,1.6050011833882183,1.1646645430811935,1.6220068928065747,1.2387451946266186,1.1399947907799268
KG,2015,35735000,85,2.1633158235503482,1.4787664266253726,2.0606971280808057,1.586208899557127,1.392888342430433
KG,2016,70977000,66,2.2249663380026323,1.5448984940336592,2.117982886317458,1.6593019172501375,1.4504120154815545
KG,2017,79681000,72,2.446061844776973,1.7076495807238605,2.218404093344115,1.8016717970259157,1.5800988387786408
KG,2018,88719000,73,2.5231896453539067,1.8008195749882507,2.2507171725914383,1.8712819268587602,1.6536611713230576
KG,2019,100575000,274,2.6758114411087703,1.8742000559780752,2.2947070381390433,1.9262292082566261,1.70924822682823
KG,2020,121324000,299,2.7766743655392454,1.9126951924221693,2.2920228591823992,1.9447508375744391,1.741444894325252
KG,2021,121493000,279,3.469105393577579,2.015364144025046,2.470850090599426,2.039964386080217,1.7978374083874102
KG,2022,128733000,269,3.661508218195911,2.199962880939949,2.553357255506174,2.163306615628612,1.930289766703342
KG,2023,126659000,242,3.3488515966675987,2.234619422832291,2.4790510977307973,2.162017437376715,1.963641210319641
KG,2024,116643000,118,2.8097568814882026,2.0983641356215985,2.328088306563088,2.0532124807072214,1.8797669895157931
KH,2015,28104000,175,2.8859681706571036,1.542735332465332,2.5902384206696145,1.739234024495084,1.44224131619829
KH,2016,39431000,101,3.21806506960784,1.6780731937471023,2.7991997835144136,1.897966618822007,1.547675679033384
KH,2017,51005000,270,4.626252873417222,1.9522858545579476,3.200463525261882,2.1909376962908245,1.74261890224603
KH,2018,57522000,251,4.598992183585455,2.1747794417344237,3.3106106371408384,2.39387742378226,1.9191507114495743
KH,2019,67794000,282,5.539289857070132,2.3831842503389713,3.499199011220664,2.5768369553744237,2.0658113574134065
KH,2020,64094000,296,4.483223369074675,2.1705628218415796,3.1934301893564054,2.3637557526778643,1.9393817416258319
KH,2021,76400000,161,3.5416300582022724,2.2105302536031477,2.934067307323999,2.3242719390385767,2.0055121734198833
KH,2022,73478000,277,3.6549898120226048,2.17321941049538,2.9832977458441556,2.318562499367011,1.9707935434189938
KH,2023,75306000,282,4.435670176987974,2.415384793628494,3.247048240240586,2.535482087944989,2.139213557214368
KH,2024,85611000,277,5.441685801700676,3.05851510315789,3.6073194455422244,2.9997855314323894,2.5847499584150424
KI,2015,248000,18,3.291669841309579,1.7094891322474846,2.562428697760846,1.8265253671391328,1.5291532084131836
KI,2016,160000,4,1.514535177750237,1.2274645186037592,1.7600019913873177,1.3274771619549282,1.1983012729907454
KI,2017,234000,7,1.7040703879786012,1.283063079951261,1.9570018467689796,1.4181106348851062,1.2492861531991188
KI,2018,317000,7,1.7506809435216666,1.2938775510204081,1.8811597285712696,1.3901511696139115,1.2393689739027611
KI,2019,322000,8,1.7162389147416126,1.2632681904576246,1.8058359017968542,1.3465122981100741,1.211812626587955
KI,2020,368000,14,2.439777615150891,1.4770734261157892,2.017535903273128,1.5157033805613918,1.3386595192806008
KI,2021,282000,6,1.2174637118386826,1.0743002269534208,1.3452653296549026,1.1176532064743903,1.0666360864323459
KI,2022,223000,3,1.1077510424221466,1.0366903625257982,1.1411140208457025,1.0471113139417743,1.0284782842825535
KI,2023,236000,6,1.4023983238381017,1.148844884488449,1.7016886762917434,1.238746584157401,1.1332332276044776
KI,2024,164000,7,1.840207294718629,1.3421157684630738,2.1062252379053814,1.4917267196984159,1.2963429041533012
KM,2015,258000,6,1.830574970943933,1.4396574098105372,1.7929744921254982,1.4933111808998394,1.3558457705357947
KM,2016,580000,8,2.0389465964802733,1.513188671776602,1.9063264364822183,1.561725247285292,1.4060841051633775
KM,2017,826000,11,2.433447404427113,1.6844657317795777,2.138694217460784,1.723642571440417,1.5277297370066936
KM,2018,1087000,10,2.2420202251703802,1.5623329829363268,2.038419399498616,1.6255172093323378,1.4414210014132003
KM,2019,868000,12,2.3909455861404396,1.6440254866020776,2.039929415802991,1.6755012096831934,1.495709048912638
KM,2020,816000,15,2.6721037252461453,1.711184210526316,2.220939647820301,1.7582785225332207,1.5427830067721362
KM,2021,1485000,18,2.157118124680658,1.4855592105041562,1.9751785869411171,1.5543013567589612,1.3810288451454449
KM,2022,1279000,13,2.2062770943489087,1.5653456582793879,2.0316548854610166,1.6285331403718024,1.4478629432209373
KM,2023,1124000,11,2.321769120273225,1.676441004981383,2.092737115655955,1.7117760206800978,1.52705796699087
KM,2024,1121000,15,2.610468048141356,1.7496578351231724,2.228124142454091,1.7897904991563864,1.5764096433558987
KN,2015,1984000,11,1.2838784748743828,1.0843901501022335,1.3176288308994797,1.1194967909144373,1.0711321483291556
KN,2016,2460000,14,1.3930250913395752,1.1180326645262775,1.4259062106893021,1.1650881554259778,1.098711948891972
KN,2017,2381000,16,1.7046193825048677,1.2647615839300193,1.6973690770198828,1.3381886571279773,1.2177345644619675
KN,2018,1883000,14,1.5708619832548663,1.1792983390923126,1.5594340419840456,1.240131343617202,1.1475954390087935
KN,2019,1427000,18,1.6400974673889248,1.194485489287443,1.569805095275815,1.2485856674342104,1.154852410653738
KN,2020,1420000,15,1.6205644794647973,1.188347546278016,1.5118644035811164,1.2267797050135745,1.1440449069937266
KN,2021,1469000,10,1.4174219849843144,1.1339730920873208,1.4539622814396875,1.1845444362022723,1.1119052607794535
KN,2022,1751000,17,1.665469682726346,1.2038607558405485,1.7181121652006168,1.2889507392426818,1.1714292738449537
KN,2023,1794000,19,1.6063531698970286,1.179815785981523,1.5953659403324232,1.244597570871152,1.147932562640934
KN,2024,1783000,42,1.7573215591556495,1.2044618017471207,1.7670299018361848,1.2889034521032268,1.1684112972310383
KP,2015,11253000,62,1.17676784567652,1.0381954225038172,1.1444118588161283,1.0529678854715394,1.0316211181610184
KP,2016,153000,9,5.019288891193135,3.2817888686387207,3.5719097212335464,3.0073381105879746,2.565388839862651
KP,2017,262000,24,6.0851126997228135,3.2897536662513156,3.690680659303829,3.015818832698066,2.5348000672327475
KP,2018,140000,16,7.37483080208926,4.882909815645242,4.0297532241042795,3.664134813811901,3.323862994413914
KP,2019,129000,11,6.859514801171335,5.140871177015755,4.04185763715676,3.739269757875634,3.469666817587767
KP,2020,126000,14,9.603511833163758,7.018567639257294,4.185444474079557,3.8904034754932577,3.6381768439514826
KP,2021,54000,5,4.5443886857269336,4.177650429799427,3.427392903839318,3.2807075888880233,3.150409196667777
KP,2022,30000,5,3.4158720313718924,2.9411764705882346,2.783405595627023,2.5154003051287854,2.370952073681413
KP,2023,9000,2,1.9876669750024174,1.975609756097561,1.7542342342342345,1.7480356395483392,1.7419354838709677
KR,2015,925201000,277,2.5611846074937605,2.0474986056894,2.1910226835969375,1.9522368799436545,1.839981771095864
KR,2016,1225713000,281,2.521202018387075,1.9123658610772913,2.2184197995446233,1.8998084990017206,1.7418476248993586
KR,2017,1156895000,284,3.03844400584801,2.015901062417415,2.476924936171323,2.03245079297103,1.8170912270907549
KR,2018,1208255000,290,3.170264702775414,2.040121062565379,2.5469893816473554,2.067888487593397,1.8344043703165511
KR,2019,1297931000,296,3.26516624012291,2.0224414585116786,2.552409128557059,2.057906629916826,1.8200935449954145
KR,2020,1211650000,303,2.7169398229289126,1.8612498226009735,2.3507927148425756,1.9134662164887886,1.7036980475673196
KR,2021,1253947000,312,3.0682703468797032,1.9146376640665155,2.4728953641740654,1.9773187752823334,1.7409547892769777
KR,2022,1028085000,312,2.7415022022874433,1.9774503061894282,2.3844196394249315,1.986332501247386,1.790645379050517
KR,2023,1147740000,315,2.7471034674759687,1.953875924006133,2.409949032128221,1.9838061500370445,1.7737254202242554
KR,2024,1306722000,328,2.6854471697869826,1.842970794121594,2.3866234316311954,1.9179917064178267,1.6906212433133903
KW,2015,82102000,80,2.414244534676822,2.018175519246174,1.990974225833022,1.8705304708600916,1.8087558235275827
KW,2016,125688000,270,2.9819741724089255,2.204341961342287,2.204557520107025,2.013125234263357,1.9322409108636833
KW,2017,124441000,84,2.7518060021735646,2.2142502111829314,2.140722240927497,1.9984221589351658,1.9392915964072028
KW,2018,126359000,110,2.7657860368128695,2.225701088909032,2.156530876963712,2.0092553678007246,1.9493457830016938
KW,2019,127706000,89,2.69482701150966,2.1957966116415153,2.1133895588721416,1.9810699629526938,1.9287292325298449
KW,2020,166914000,123,2.658176595921489,2.1543656054519342,2.09245081826585,1.9582713971018875,1.900127708988581
KW,2021,145653000,117,2.449933623184251,2.0756701882967907,1.9910490784299664,1.892342197385747,1.8467412476915674
KW,2022,124625000,227,2.7001510849957735,2.141861790143236,2.0652776939434467,1.9398701113717947,1.887724796476121
KW,2023,50813000,225,2.7040559634967853,2.1532283857470738,2.0805148914518097,1.948542117080084,1.8950788426394998
KY,2015,3572000,18,1.4334118961266005,1.1350601584773428,1.4268267030861423,1.18172419912036,1.1120690058837095
KY,2016,5848000,45,1.8697854431223386,1.2726928191301305,1.7182122008384932,1.347691953782123,1.2226684645372319
KY,2017,5517000,23,1.5660796847858665,1.1686498944838615,1.5263301071222837,1.2250566424236553,1.138455295297455
KY,2018,5239000,22,1.5239974855213239,1.1535955207722985,1.4730174730914252,1.20282920828687,1.1253398701065704
KY,2019,5277000,27,1.6239665038251858,1.1845460475647913,1.5330955761921397,1.2389872366274504,1.1496628486191147
KY,2020,5528000,35,1.4853381148487257,1.130112148863586,1.4252329766847747,1.1731948043453637,1.1058947940412556
KY,2021,4657000,34,1.5313815057041131,1.149552964119511,1.4844545481073623,1.1983015504199581,1.1213545561854699
KY,2022,5152000,33,1.528515104516697,1.14749976763037,1.4893019715802611,1.1991523251988394,1.1209472205453705
KY,2023,5660000,28,1.4970987690507995,1.143076288057109,1.4813157475160548,1.1961790175116382,1.1188610171201212
KY,2024,5734000,25,1.508124291113062,1.1481628176031753,1.512312208435535,1.2071498503765297,1.1246396801469567
KZ,2015,335023000,188,2.3206626920209286,1.7597314121340322,2.220820749012955,1.8594564662344293,1.6479421028952452
KZ,2016,549342000,187,2.36845362621426,1.8273150248536523,2.235338945728111,1.907101067675433,1.7048569664936757
KZ,2017,562860000,142,2.3768737526208894,1.892418547524851,2.215790157037663,1.939764027653919,1.7636455739216814
KZ,2018,572726000,125,2.403830142884437,1.9235753184755555,2.2258894553312127,1.960172085638207,1.7890862790880058
KZ,2019,589374000,183,2.366621164063975,1.8478003266078142,2.214133699745209,1.9127562641547535,1.7259700861446179
KZ,2020,784410000,300,2.601233476281222,2.0473805322824576,2.2580973394047685,2.0303297587599674,1.890164714674274
KZ,2021,772339000,308,3.462800376335448,2.1731889305505434,2.515450859762475,2.160505692891339,1.95232058226891
KZ,2022,743382000,294,3.327345908350683,2.1360781832643627,2.5164034005433082,2.148222661614681,1.924334999951139
KZ,2023,336244000,285,2.8207140650082687,2.0663681332410064,2.3734467106510295,2.0769770837262334,1.8867622919817335
LA,2015,7758000,38,4.820054862914541,3.079060924378776,3.104879211335447,2.6373929063463524,2.4030753179285544
LA,2016,12703000,35,4.528796615043355,2.9870438072843704,2.9664170995144934,2.543891378201124,2.343911815878951
LA,2017,14454000,50,4.89166655033813,3.1175155486967876,3.0569835579873357,2.6087512575813996,2.3899285929197855
LA,2018,16292000,104,5.459157993699377,3.2397309410822586,3.1720786488184762,2.6887509661713063,2.4477936690881488
LA,2019,16590000,167,6.196675019650665,3.4558663620323404,3.2923716022022664,2.79074238113557,2.531842125020075
LA,2020,17275000,222,8.516915290350477,4.006374273445531,3.762118717541893,3.178632965063138,2.8411902595009892
LA,2021,15741000,66,5.151246674139505,3.5086909952576706,3.250305697479098,2.898101314734995,2.6919890433750746
LA,2022,14444000,68,5.213871971005511,3.469578985310164,3.2621554232602974,2.890321254284923,2.6730927750566615
LA,2023,6068000,43,5.355926782969533,3.478864696187448,3.3322048584709703,2.924068864554316,2.676089784947975
LB,2015,65589000,133,2.960823141175232,2.148487456072193,2.342609738623317,2.0632939694197714,1.8752982220514063
LB,2016,108056000,69,3.0236615711058077,2.287895124705948,2.3575087709090226,2.1275333545621793,1.9710671235536539
LB,2017,111389000,77,3.2323980271700985,2.4316292670819837,2.435730075691899,2.212438186293584,2.0611538130634135
LB,2018,112369000,83,3.341630602835069,2.5244177346899948,2.4732301937963013,2.260053022513081,2.1187705217851547
LB,2019,110589000,86,3.2026196999243135,2.4714163838434158,2.4011316061504995,2.210868822083526,2.089657410882588
LB,2020,108447000,151,3.1327970584293396,2.4280588746908793,2.372034836190607,2.183165108120588,2.066133000806283
LB,2021,98725000,84,3.1315696212671478,2.459105724421601,2.3707347020863634,2.1932946768932697,2.0857457408038136
LB,2022,79655000,77,3.129762434973054,2.392388040733392,2.3651349584987953,2.162179591349381,2.0427900725269525
LB,2023,78093000,79,3.1652178807171265,2.3966006956113652,2.3736511339260504,2.1629959781126873,2.0453708721925916
LB,2024,72637000,90,3.099012549489167,2.3601173414507444,2.3308121534329365,2.1321279273463163,2.021716748972253
LC,2015,3287000,20,1.318972410457798,1.0866288371024608,1.3099696530802976,1.118805193531215,1.0714512092810398
LC,2016,5445000,30,1.4243826419091825,1.1149525320115168,1.350789958246629,1.1458497700706631,1.0907041614379254
LC,2017,5731000,30,1.6323608978469846,1.2084175860280733,1.5608922962105445,1.2633201669742726,1.1682841863644706
LC,2018,5177000,22,1.7652223829350964,1.3023336126570826,1.6740532776142731,1.3627510097562692,1.2445285580200263
LC,2019,4855000,21,1.5128645837882093,1.1528244168255746,1.4542075329342923,1.1971697502764045,1.1229404393030844
LC,2020,4633000,39,1.5927883768243862,1.152462006457638,1.5081715743730897,1.202411876809882,1.1227119460565016
LC,2021,4449000,29,1.4519427690880538,1.1233521608620052,1.4065793612723783,1.1620898851403438,1.0989470358366484
LC,2022,4333000,27,1.5494807146227128,1.154865024544487,1.5099334026991647,1.2060710685154707,1.1251817294576258
LC,2023,4005000,26,1.5667841146362447,1.1585130897690958,1.4932645242018043,1.2041441862196804,1.1257381547849907
LC,2024,3999000,37,1.4917019225977768,1.131416189565686,1.480611650429878,1.1798337711548832,1.10696891695636
LI,2015,6107000,30,2.293678033148504,1.756445020683132,1.6377015821335383,1.4713566548185142,1.4018558973356814
LI,2016,5389000,29,2.383125794104433,1.581424778219893,1.7369799014775482,1.4592052872072163,1.348995319169095
LI,2017,5380000,29,2.455090437948202,1.6088967469873623,1.7839522220927235,1.483668954539765,1.365745001399649
LI,2018,4887000,29,2.5033709030062425,1.635800829956232,1.7968073408186174,1.497079812541715,1.3783680225237964
LI,2019,4777000,38,2.5989889499704506,1.6825650056977104,1.8281620788320625,1.5219366920961168,1.4004115185105723
LI,2020,4685000,30,2.6669943734502004,1.73998208587539,1.84801906971608,1.546988957236079,1.4254033309819696
LI,2021,4565000,32,2.762107584042701,1.7840832283518828,1.8978248617574605,1.5803040592112243,1.4505786960388156
LI,2022,4237000,33,3.16656295495216,1.9575210375374443,2.0672803334010648,1.6909218878343317,1.537232010814222
LI,2023,4152000,142,4.318036651167324,2.2576665776998435,2.37645336535505,1.878163107137694,1.6779147889478838
LI,2024,4344000,38,3.9706386240740223,2.3951528148827355,2.329840159695701,1.9090044979800092,1.7283034231300842
LK,2015,81370000,81,1.4991151888804402,1.1494942240407309,1.5380929640108392,1.213467250098684,1.1267867531393527
LK,2016,143306000,134,1.6344605969043058,1.1941467904777359,1.6525756533456686,1.272267732384489,1.1635799158019466
LK,2017,152868000,221,1.9573444610668564,1.3193123739013,1.9087117933212336,1.4276608927175993,1.2654560390635177
LK,2018,157237000,98,2.0800235655303063,1.3948331187397054,2.0158450906264904,1.5123915321928254,1.326056426409335
LK,2019,149168000,100,1.9654892142898872,1.3505010726470685,1.9507130273580633,1.466829670767618,1.2939481149784138
LK,2020,177412000,153,1.8127043869040391,1.3137202553050333,1.8616987438921024,1.4231812168236602,1.2682194376612719
LK,2021,210616000,124,1.8038922330546054,1.344314146618778,1.8714531483995416,1.4532523771806636,1.2952270288729788
LK,2022,203619000,241,1.9186332739026417,1.3681909396255238,1.9215239390743128,1.4802008091581913,1.3127509834907967
LK,2023,211894000,266,2.137362311725412,1.4311794846163364,2.0299917229496036,1.550832789199972,1.3615528305242464
LK,2024,172077000,140,2.2254663080475026,1.494431581371845,2.087451518564527,1.611219927996076,1.4112962863322904
LR,2015,3161000,27,1.7015244986205424,1.1986053986372116,1.6005126657134625,1.25564380331518,1.157759594849765
LR,2016,6691000,24,1.3957191450178557,1.1102388444811615,1.371032244898158,1.1490843093408458,1.0905988688426391
LR,2017,7914000,39,1.472883860041473,1.1273955992482567,1.4284646606767724,1.172352536677792,1.1045274141087682
LR,2018,8912000,48,1.9299276017016995,1.278789298979886,1.691044335636059,1.334832626865049,1.2168133833863781
LR,2019,9299000,101,1.9695233421692357,1.2696128627391625,1.6795006960141228,1.3241943443508253,1.2091664995839686
LR,2020,7468000,28,1.3732824735058948,1.1031592182995504,1.3576855692551135,1.139034516771709,1.0835715311525806
LR,2021,9462000,23,1.2897479312621896,1.0815533236522452,1.2867306972953467,1.1113206990457702,1.0670126436696932
LR,2022,8372000,32,1.3557428140336871,1.099421132612458,1.3587465754046644,1.1365539575950068,1.081660761944721
LR,2023,6977000,32,1.4256942931111094,1.1150920147080223,1.4250852673352699,1.1610844975270025,1.0956325280468318
LR,2024,6755000,27,1.4450940404859043,1.1209721090352731,1.4352057821762856,1.1660328472779051,1.098852348865659
LS,2015,1353000,12,1.3169754645147256,1.0962577348789218,1.3730698456955583,1.1364120943800793,1.080665186078199
LS,2016,4701000,17,1.2624763431725616,1.0720366031352149,1.3087643314315396,1.1033080292955857,1.0600635219139456
LS,2017,4746000,18,1.3086693911500167,1.0858915527536732,1.3394375166999664,1.1185208393190718,1.0701425527403914
LS,2018,3810000,27,1.452241818185546,1.12407691743001,1.5028429683320303,1.179537354332401,1.1044235528477955
LS,2019,3579000,18,1.3090430291421418,1.0854145618389521,1.362516797674983,1.122118299617796,1.0709790354061495
LS,2020,3723000,24,1.355638354818844,1.094720400131644,1.3757327995102562,1.1308224685928545,1.0772362002467395
LS,2021,3485000,15,1.2903320223165766,1.080752855666328,1.3637330903393161,1.1200625530080868,1.068756092273084
LS,2022,2987000,20,1.3580973158171705,1.0989816074955971,1.459091286916517,1.150140743359922,1.08511487006578
LS,2023,3007000,17,1.349430479839758,1.0990030873287042,1.4004930482082745,1.141429980240705,1.082683128368655
LS,2024,3004000,21,1.4173067325245174,1.1161380110119488,1.4861195959875348,1.1688756115615735,1.0977426141020745
LT,2015,140126000,274,4.3454104107342895,2.799706862632302,2.51400747312176,2.29388251430165,2.1763735277259104
LT,2016,202239000,272,3.737220068091378,2.7466773268392695,2.385266541229883,2.2325366214181455,2.1492302236526517
LT,2017,207310000,252,3.6980371042536575,2.7627041057811765,2.380970655085758,2.2360510344223714,2.1559838623924814
LT,2018,212624000,260,3.6015266756235724,2.7288817454762206,2.3516259116391627,2.2148784347534805,2.138862991277595
LT,2019,212982000,261,3.6169545518532145,2.725653053028421,2.3552296878810757,2.2151746508970565,2.1374635982037615
LT,2020,245375000,299,3.4166104028844857,2.606823012431095,2.2961033002383204,2.1567923027581752,2.0816470612201607
LT,2021,252698000,287,3.4272671000759,2.6188540805044176,2.298410148597757,2.1614604799974524,2.0865049561736404
LT,2022,248140000,293,3.6836160306811534,2.755196236032879,2.3822270288563074,2.2362030332461242,2.1557629815309935
LT,2023,257290000,322,3.8381626784372798,2.8156976477845643,2.445303146107369,2.278087899997031,2.1876936601326893
LT,2024,256561000,314,4.13683055645772,2.8870764098569803,2.5904447271538804,2.3541149037278046,2.2342579636882376
LU,2015,73342000,137,6.496268469833701,5.01046773403655,2.8620761301146884,2.741190742507335,2.6723110864731083
LU,2016,87594000,228,5.625628280043382,3.8329957018543066,2.6896779150291286,2.4765756670731416,2.3627171668918194
LU,2017,85087000,71,5.346782011275825,3.835841247764448,2.66439381140752,2.470566591070758,2.3659821311966582
LU,2018,88972000,167,5.377473253899449,3.771586544294154,2.646864830647408,2.4452572812171676,2.3359670955720975
LU,2019,91246000,230,5.764586337023571,3.8926942698790934,2.748555486422382,2.5207503290991733,2.4003332885949717
LU,2020,96172000,133,5.552544040240244,3.8357518621316555,2.720343645566859,2.499036915371909,2.3777027858237383
LU,2021,95032000,176,6.06141366824018,3.91097753692544,2.8401879948894857,2.562121112464679,2.4141409734860795
LU,2022,90974000,130,6.7079727825795565,4.058109685196259,2.9886063534033442,2.6582324958793864,2.47699709130115
LU,2023,100096000,308,7.282257906492956,3.9890879180074137,3.0799344123285595,2.6850788983873546,2.468546975708379
LU,2024,94535000,251,6.5833488927835155,3.7991737189981847,2.9630057409774393,2.6022962302852672,2.40449788084208
LV,2015,130138000,240,7.185289623184164,3.9782685316240514,3.1954058259900062,2.8590374998839123,2.6618799105091244
LV,2016,176352000,268,6.91623193741583,4.021571645433804,3.2704720580210656,2.9221983217506002,2.741761659693446
LV,2017,160171000,280,4.359333881625004,3.265146753483241,2.6177811585533926,2.491899371907701,2.427457671924235
LV,2018,158494000,235,4.243014679113437,3.2751188411253893,2.591384775485579,2.4852940462045474,2.4333460768787423
LV,2019,168956000,217,4.077955233116669,3.201976835191019,2.5682381815849213,2.462533220382569,2.4075202250407375
LV,2020,188335000,290,4.801280132620599,3.420960426596412,2.7433119897917244,2.581450274644518,2.509731885242253
LV,2021,185783000,292,4.1321673600265765,3.2702564566373797,2.5777723116797997,2.4802656432972774,2.437614469676709
LV,2022,179238000,298,4.213724112539204,3.26492171883392,2.599096837462346,2.4876418051638947,2.4361209842074523
LV,2023,172729000,289,4.220041877699158,3.24953772518373,2.617900757577513,2.494452594495215,2.435491076529065
LV,2024,178923000,262,4.279112509313148,3.2702275429554306,2.69213552136263,2.5296097419507317,2.452819293151012
LY,2015,17102000,50,2.5022518105425426,1.9577943083004958,2.0106620814580287,1.8398663228426333,1.740850833835226
LY,2016,36038000,51,2.4541667694846985,1.867338616961818,2.004496471881722,1.7945329250085793,1.6727845275370112
LY,2017,36643000,51,2.4857263154010956,1.8393209498402425,2.0583102294540288,1.8010866654469895,1.6573969982304815
LY,2018,36152000,59,2.3968808823561703,1.7558518473314761,2.048430180059474,1.7604481638857081,1.604008251414621
LY,2019,38395000,69,2.253955998325593,1.6781160735475422,1.9663575309959072,1.6934527011895355,1.5469275150993855
LY,2020,42197000,75,2.229384388262764,1.6583529543183888,1.9468644705399831,1.6768858808265372,1.5321598928601485
LY,2021,50485000,118,2.3006260542920836,1.6681319915363582,1.9757477484734938,1.6893305093948505,1.538145052537718
LY,2022,53045000,111,2.502931959187332,1.8051464023090844,2.0566492730589583,1.7854801978294894,1.637258718451775
LY,2023,46760000,84,2.4211840704600807,1.7608191057610947,2.029140296230831,1.7521268105403436,1.6033216926343075
LY,2024,48859000,90,2.5934116709333397,1.8349529043666177,2.0742075213133955,1.7947563581509764,1.6415430608004067
MA,2015,242061000,200,3.6168442009481123,2.864508506022674,2.5127204483268804,2.3729083958997284,2.273970230788921
MA,2016,397355000,220,3.692995050952228,2.9948064326947508,2.547168084753277,2.4272960980114164,2.352930759057564
MA,2017,450303000,271,3.9122203787727865,3.029053564007365,2.6257417172400896,2.466655734829627,2.3696698779050323
MA,2018,487174000,278,3.941022513703381,3.0208586653694356,2.643463946913413,2.47112540766792,2.3645395488102214
MA,2019,385831000,270,3.7118924860693334,2.926044136624353,2.5526145446796886,2.4037926147641975,2.3097087833128453
MA,2020,389980000,218,3.431706134960529,2.8523687952614947,2.4711667605753944,2.351757148978267,2.2772417792834565
MA,2021,391146000,226,3.3193405924714123,2.8240608880176663,2.4359209468727236,2.3303774140308393,2.2624740770871705
MA,2022,431470000,313,3.661390958027469,3.011845640847017,2.5232999349875795,2.422238568500157,2.359264384495666
MA,2023,479139000,307,4.088903773010735,3.1683644648989153,2.644798329080944,2.5088324055239046,2.4303914898806056
MA,2024,383797000,295,4.015079259300778,3.1639003858811594,2.6165062728249633,2.500376115666996,2.4310184110270447
MC,2015,3491000,34,4.130360816004348,2.7523568324370786,2.4631639235011273,2.230086235795739,2.0998210984142918
MC,2016,5049000,34,4.3064629066828966,2.8613739340028856,2.503477344918791,2.2722538087573003,2.143459159224601
MC,2017,5031000,29,4.184640208516297,2.7812302108589124,2.47590299909931,2.242808951764238,2.109390522668883
MC,2018,4955000,46,4.362224554813689,2.836738428881556,2.499697309214976,2.268296894302492,2.137613860790707
MC,2019,5057000,32,4.403851009446758,2.9170958769915316,2.5228731185913955,2.2984259498061124,2.1758161209470037
MC,2020,4802000,29,4.1313312580532076,2.808420388033329,2.4527319583535365,2.2412374181143924,2.1247233438672
MC,2021,5038000,31,4.1730461206333445,2.828100493697194,2.4720558361852927,2.2563461327919025,2.139130299512811
MC,2022,5438000,291,7.704169395809106,3.489169735575927,3.085875727019001,2.656515775783121,2.4413523327970648
MC,2023,5586000,146,5.791199046288164,3.257829790655034,2.8722212454559375,2.5200910460443553,2.347885667119761
MC,2024,5622000,43,4.645608150160175,3.0393549201054557,2.6137703013085165,2.365910711435289,2.2406717689256133
MD,2015,70375000,189,3.7345599083211005,2.7008427519507334,2.4249343995051853,2.2482577583669445,2.1224447612374235
MD,2016,110452000,251,3.8232546111368264,2.7698299663783463,2.4479368133621193,2.2763163610606956,2.1548214877625242
MD,2017,109478000,150,3.8840093564098113,2.9318605172814975,2.4966769850851733,2.3460716527226877,2.2430136768293383
MD,2018,100797000,144,3.729975348679516,2.8196758245979683,2.445482143050268,2.290011087279022,2.183784356403465
MD,2019,104232000,247,3.9844839619043855,2.909010259870134,2.505546857998187,2.3357375074944366,2.2272923372508844
MD,2020,123582000,301,3.9892522388801255,2.938461369704272,2.5027374829033495,2.3401222892570317,2.2444427401632607
MD,2021,132602000,296,4.093024200804003,3.0469080614681823,2.5166568792145187,2.3749043986335967,2.2940099595908467
MD,2022,131053000,315,4.256297894647073,3.029739818709211,2.5461960332400837,2.37744942072508,2.279284540200801
MD,2023,127988000,238,4.31911512503715,3.0270390651358943,2.5808332210507046,2.3906678654845357,2.277914462049414
MD,2024,116902000,296,4.888787114389552,3.1154260047672158,2.714335391243918,2.4649282988063654,2.3213479989096477
ME,2015,23478000,50,5.630838078493206,3.5628564091064816,2.162126863038069,2.041779202727391,1.9869520963039178
ME,2016,38449000,64,5.553289561020543,3.5706222812502704,2.148834793312967,2.0244692035704794,1.9704469502793203
ME,2017,41933000,61,5.675415931489236,3.7011254840750727,2.1697292545861546,2.0398007524427317,1.9820009468750945
ME,2018,44305000,51,5.5279793991296255,3.6455581843945857,2.1553465867576747,2.024768316284911,1.9641729325936357
ME,2019,45154000,79,5.379317976737113,3.497386579348259,2.1644087000694956,2.024176586685286,1.9593937034970097
ME,2020,55088000,74,4.579355524713722,3.112157970334898,2.1638459672853374,1.9991738439163533,1.9331197789304855
ME,2021,48659000,61,4.779367988432243,3.2034218368881167,2.0917643106348267,1.9716125007306204,1.9197832070068002
ME,2022,52121000,64,5.113417689721653,3.37136040684197,2.1770620390064073,2.047133621543469,1.9911621249158298
ME,2023,58296000,133,5.616603494941667,3.6791609949910034,2.2630117209840503,2.117737988778906,2.056885387186457
ME,2024,59685000,70,5.545493581495369,3.651663317626758,2.258971708726302,2.1051962725991964,2.0405756190542808
MF,2015,903000,13,2.917127722557522,2.22577105437711,2.0991658786307195,1.9474356463170415,1.8608296095741554
MF,2016,1456000,15,3.062306492722687,2.325103097306309,2.1186799543467627,1.9922911629351923,1.9157084302409135
MF,2017,1267000,14,3.286800452468499,2.4829188919977794,2.215633046883294,2.076715980267891,1.9984561599107942
MF,2018,753000,12,3.28489125763543,2.346609885402828,2.1651822636785147,2.011865676974942,1.901522118304272
MF,2019,1030000,15,3.341030830249595,2.451066464586721,2.2703695807496813,2.078991443162248,1.9822519090434614
MF,2020,1086000,12,3.1825750792819147,2.369787815463752,2.2142187007379217,2.0305294932216453,1.935268510480959
MF,2021,889000,14,3.4696491421331763,2.574159422319646,2.317353375645887,2.1296720176032586,2.0442383176207533
MF,2022,1014000,15,3.6036123799364486,2.6012102935670263,2.366315789773039,2.155270693513796,2.0608019089865346
MF,2023,813000,14,3.6719877543659254,2.6291213708666965,2.3459111819618323,2.160410753389991,2.06802059363657
MF,2024,922000,40,4.453876358112066,2.8206009609003764,2.5139113272665075,2.275253126954389,2.1599200241130796
MG,2015,16357000,65,1.9919765364673983,1.4332202092758002,1.786399960560255,1.4819422154653792,1.347952032379335
MG,2016,28187000,52,2.091741763278188,1.5132150386154914,1.8489355131642309,1.5486301314368291,1.408314106532322
MG,2017,28892000,43,2.165013696939765,1.5329703668056212,1.8986146446434407,1.573700297799515,1.4214149246114087
MG,2018,28463000,55,2.271615583413498,1.558379799114172,1.9776084953865636,1.6100101235176876,1.440946156942352
MG,2019,29061000,68,2.2248065150706786,1.5390631589984558,1.9427568523983763,1.5882100231613607,1.427933855256689
MG,2020,20394000,66,2.3898909398690407,1.5879250371984241,2.0553132783824863,1.6470549482725936,1.4668315939779986
MG,2021,22251000,192,2.36882036328338,1.5495453710374512,2.0276217324841515,1.613149593027951,1.438102001558254
MG,2022,22507000,65,2.323626541274776,1.6325721222621774,2.0192059882203073,1.6641877835041095,1.4995068629495856
MG,2023,20838000,51,2.4632749614808724,1.7034053148795647,2.0765216231767374,1.719948534272941,1.5485261177944498
MG,2024,21342000,149,2.643847633277332,1.7209225663938266,2.161323522757899,1.7538559943439413,1.5608018822049554
MH,2015,332000,5,1.4599818851847988,1.1886295992753313,1.7528139237175853,1.2954426523270852,1.1709147679621528
MH,2016,515000,6,1.5672598206430732,1.2271719868410704,1.7755014572654013,1.3214174955864653,1.1924824306951596
MH,2017,403000,9,2.0456000578172677,1.41697130443128,2.1228162403159634,1.5452218668818194,1.3407634815112117
MH,2018,443000,9,2.3126652694144756,1.549427991694234,2.3053102950213127,1.699344089229441,1.4505406308121322
MH,2019,385000,6,1.8970794987481665,1.396307286515002,2.045098251057784,1.516628154701568,1.3269384184477464
MH,2020,332000,5,1.6067316176727895,1.2518341851220898,1.8364392196977877,1.3587609152587898,1.215815256673144
MH,2021,345000,6,1.6198879613216024,1.2634947931594536,1.8682725756204006,1.3801455788672337,1.2293544739978204
MH,2022,351000,8,1.7975396239556207,1.3463854434183922,2.0078604115037,1.481595831584928,1.2986923852063912
MH,2023,366000,8,1.800497398553698,1.3312529813960883,1.9724364723269638,1.4516112250855553,1.2785636125080464
MH,2024,375000,11,2.1043536029509187,1.407953623884901,2.131839663374386,1.5322018076146227,1.32859256903779
MK,2015,58934000,114,4.050296199615655,2.1686237269335784,2.3213793017774997,1.9584474636760523,1.764433015819494
MK,2016,93700000,95,4.110136234317598,2.2481884616428918,2.3349802291015163,1.9891814019457195,1.8031266654060516
MK,2017,96914000,192,4.51630886275111,2.4663622256359163,2.386291542295769,2.067848536136685,1.893737380895226
MK,2018,99914000,77,4.464417224706903,2.561968452987644,2.3596797046632667,2.0813913513664755,1.9283722769326264
MK,2019,98387000,97,4.258813491679872,2.504420318258877,2.3440118357324473,2.06568522452305,1.917066192281536
MK,2020,116410000,100,4.039740169258899,2.5581059834850515,2.344227471489791,2.084751435827287,1.9562546860160532
MK,2021,117780000,100,3.9271212012544687,2.502191282932622,2.341328692090624,2.075188559706696,1.9417851530004038
MK,2022,104739000,86,3.7473498470509834,2.330095663637097,2.286616276469223,2.003514265186955,1.8574530674086893
MK,2023,104604000,79,3.7027070671758846,2.305043507317035,2.2969413533276026,2.002864069413189,1.8528969874552468
MK,2024,105042000,127,3.7340350435699325,2.3422299492048073,2.287815102212153,2.0072756564311725,1.8665602063619777
ML,2015,5939000,31,2.313144158356765,1.5527981294075899,1.9679146264586844,1.6014394294263192,1.434328634190271
ML,2016,11244000,37,2.426357262959238,1.6054967958266582,2.0255396165713417,1.6495755632868818,1.4731922299123144
ML,2017,12833000,51,2.4990857715199977,1.591228999086371,2.0663878515722596,1.651032133272347,1.462644305594066
ML,2018,12872000,52,2.4341495932617847,1.5493685688748124,2.0345434818051897,1.6170213818149313,1.4315398346943489
ML,2019,14472000,67,2.4568428973114598,1.5695359810493894,2.0258324301863846,1.6281198459546162,1.4459082286916307
ML,2020,14946000,55,2.364566817235003,1.5341670784075236,1.9949284138905243,1.5963888022232087,1.4184906778893913
ML,2021,17311000,60,2.2909117555339105,1.5120315100816162,1.986575273993861,1.58116110475257,1.4039825262471712
ML,2022,16395000,64,2.353186809903877,1.5365876095322932,2.01514755476051,1.6051156785527112,1.4218279416881838
ML,2023,14992000,47,2.4609615233199085,1.5975368996019705,2.0874052274359505,1.6627245880877117,1.4669391584898281
ML,2024,14488000,42,2.246168007087753,1.5141609609807518,1.9921684438725957,1.585471464335237,1.4070096740802815
MM,2015,27528000,70,1.8354914637715474,1.261632279537801,2.04771468423028,1.4026750650325497,1.229279771965385
MM,2016,48238000,97,2.011935739974806,1.302190750891261,2.153577642517102,1.4555354945901402,1.2607268488900514
MM,2017,54210000,238,2.7544381612024083,1.48065037745136,2.4640940016918003,1.6555661706464913,1.3905614335826864
MM,2018,58805000,74,2.1369927880826256,1.3729553319737586,2.2864082399916508,1.5533461202930945,1.3240675369356865
MM,2019,75857000,81,2.511127393008093,1.7352011865610555,2.400804725844212,1.8898219486944772,1.646400336704527
MM,2020,79151000,113,2.325369940558948,1.5613577858736984,2.3594085891785928,1.7506875563280662,1.4986561333086637
MM,2021,41880000,156,2.8081109058558673,1.7090741200296695,2.6174434943497715,1.9283220822128824,1.6198788857723847
MM,2022,54384000,302,3.5445374296851635,1.942768249951989,2.7235129332122088,2.101352979511244,1.801826815799939
MM,2023,31205000,89,2.520129702870577,1.7600503805533716,2.4066011573981134,1.912142675111304,1.67366740672154
MN,2015,19177000,62,3.318917644821021,2.2432534939082456,2.70583970025983,2.2467277814032913,1.9867662210209573
MN,2016,30573000,71,3.3115812978042927,2.237145921529172,2.6961355986444264,2.240283608007325,1.9792491237633965
MN,2017,34339000,60,3.5883184255587355,2.5509193281602927,2.81815949673902,2.431753194201731,2.2040534559902136
MN,2018,36145000,58,3.411901974837616,2.5050096750808115,2.738714317860286,2.3837652319635176,2.1813751155342476
MN,2019,36424000,52,3.27013052739971,2.4255539139574056,2.683949549546025,2.324644272920703,2.133958090790696
MN,2020,42731000,300,4.095085959752927,2.462330856045539,2.859071465796158,2.386561625666905,2.147211064031666
MN,2021,55544000,283,6.901360924098945,3.0285315486842936,3.4050903331245643,2.7842866946987073,2.4562262241997947
MN,2022,51978000,262,5.428667018167598,2.761321331930159,3.14671586066263,2.5881812855355655,2.3304506507301275
MN,2023,48952000,223,3.8475360326192614,2.498013892515572,2.782508406121004,2.3649307373446415,2.183943630258581
MN,2024,49562000,119,3.226016013376009,2.4011314414467435,2.624605720317097,2.2761817080965088,2.1318084640304753
MO,2015,34152000,178,2.3790481188006347,1.7182526887067546,2.250608927914665,1.8328447052032422,1.6300913024181
MO,2016,53139000,54,2.1107963082642267,1.602771968481597,2.1390263218887466,1.7293818401041972,1.5344222378765093
MO,2017,54884000,72,2.0943941502712953,1.5643830008906385,2.147899427963373,1.7032504512095448,1.5010730594529085
MO,2018,56698000,43,2.0463601192622543,1.5402173044915262,2.1261407242675574,1.6802187657935896,1.4810123294143962
MO,2019,60215000,86,2.1163265685689012,1.5724237145018982,2.1472721737417264,1.7087765200356353,1.5081750883491474
MO,2020,65352000,70,2.4080585090145656,1.6032208956435976,2.3390143072251033,1.7729710210484004,1.5324993631420554
MO,2021,77333000,78,2.2430212603097823,1.4929895204920292,2.275323215236079,1.671035472223479,1.4388929432561317
MO,2022,61356000,79,1.9571821302812356,1.4596285873514705,2.053759240988657,1.6009672696637471,1.4117980897716407
MO,2023,54264000,169,2.0074268472120655,1.494786741212595,2.0650917090524312,1.6312550939814652,1.441891673540477
MP,2015,1194000,11,1.6461648855111894,1.2445708538923286,1.9001503306762888,1.368717837117771,1.2163257010636286
MP,2016,2262000,14,1.7596125528054285,1.2810614546680001,1.9854994080612287,1.4172897427831999,1.245921682880195
MP,2017,2022000,12,1.9296669674838556,1.3458815566924993,2.1358790274076918,1.5024042756007743,1.2990265355026602
MP,2018,1394000,9,2.052136940343228,1.423810130904284,2.2482779439099416,1.5974515111635836,1.3642851436091616
MP,2019,1980000,15,2.1420546091469412,1.4496054665256646,2.310865362207529,1.6350635780489644,1.3881562171601345
MP,2020,2241000,159,5.840132974139268,1.9536268135040062,3.270393124275662,2.193645376913837,1.731449042166061
MP,2021,2220000,67,4.953409583377825,1.9247878335787283,3.182160092036939,2.1649757476292226,1.7211659281832734
MP,2022,1585000,17,1.9389245380165114,1.3295298003396565,2.1053824474165794,1.4849754554704517,1.2872352235674998
MP,2023,1434000,13,1.861424305272134,1.3081611049757496,2.0194343224577165,1.4440790783623019,1.2643660992288908
MP,2024,1541000,9,1.683245897019771,1.2645723600303111,1.9296714789960951,1.395989539580774,1.2340598987773745
MR,2015,3462000,28,3.9996793822662475,3.1501199287839077,2.7046991188309653,2.5311835793035504,2.4340203494743995
MR,2016,7185000,36,3.826071961239046,3.0537762543666713,2.6487712816499873,2.4839622275650504,2.3909584452227755
MR,2017,7466000,24,3.880183742331508,3.0181712449075504,2.7050208822433013,2.4939769170207335,2.365547861593101
MR,2018,7473000,28,3.87606433498873,2.9785216431880586,2.7027049235162632,2.480685524660425,2.3436770346563685
MR,2019,8155000,30,3.566509143489967,2.774014199006413,2.5721056592497327,2.363456584829735,2.2361985587395132
MR,2020,8885000,35,3.4593769811268777,2.713523937483429,2.5372955519303724,2.333167725195117,2.2045501863627535
MR,2021,10526000,30,3.292957515067661,2.5983066693263357,2.4876945326542494,2.272362378999642,2.1369607407204563
MR,2022,10648000,31,3.4011352919196716,2.5989413786247293,2.5258892348909416,2.289646622387763,2.134576534175068
MR,2023,10777000,38,3.4381338595642346,2.5710325436800834,2.5362722254234233,2.2842680569569396,2.117007142164866
MR,2024,10273000,36,3.5908817075865547,2.7238370266071565,2.5744468059714904,2.3516751386470585,2.2033815923588547
MS,2015,65000,2,1.1472938626839946,1.0634281399446264,1.1826859014836795,1.0850091929374859,1.054202212202796
MS,2016,129000,5,1.3638846384787155,1.1350521792510742,1.3654093655711437,1.1732275032858297,1.1106999067543621
MS,2017,236000,17,2.00594372905515,1.3094465603987395,1.7846077623170495,1.378375614061964,1.241179259741321
MS,2018,149000,3,1.5525573638336987,1.2792278882166523,1.5847472202638366,1.3369220151879655,1.231466392297818
MS,2019,113000,6,1.7502511609733777,1.2964767996750937,1.5989153208524027,1.3271861927974442,1.2214204095078287
MS,2020,62000,11,7.433492052667845,5.0981432360742716,2.819738694378065,2.5753471383910034,2.4055247010750818
MS,2021,75000,5,1.6787803244186337,1.3151741875146128,1.8224986927274365,1.4210447991237651,1.2717147822309547
MS,2022,143000,2,1.0425542439765494,1.0140838085792214,1.081692682386199,1.0239375080923268,1.0129627248650743
MS,2023,129000,4,1.2223977937608506,1.081497367907974,1.2180147145838756,1.1019598107825384,1.0657168336782263
MS,2024,113000,4,1.298537978926097,1.11393178051121,1.4395927083995061,1.1690943219757965,1.0999411586713237
MT,2015,31762000,59,2.320968361741984,1.3894087829099255,1.8388222175632372,1.4364899169897563,1.2890463493454136
MT,2016,48823000,65,2.3610371404753967,1.3993815903484534,1.8843533010073779,1.4580919890589479,1.3014153554797612
MT,2017,52361000,260,3.200279778830319,1.615442384349493,2.0918095298541783,1.6097978244333395,1.4169810133416323
MT,2018,47413000,64,2.5514344259446697,1.4631281768857263,1.9740079797989845,1.5229770189848668,1.3473420187587468
MT,2019,46113000,62,2.535639714694892,1.4499580969361279,1.9737485876972836,1.514506746298078,1.339534270747027
MT,2020,47373000,79,2.2194487248817456,1.351279821420891,1.8409880058664383,1.4212688410409309,1.2732216426893963
MT,2021,48272000,81,2.226490485799813,1.3526665495741805,1.8515056021171994,1.4228089049149582,1.2733012706516944
MT,2022,46621000,299,2.687345442027083,1.4302837200352367,2.0442419917372487,1.5159850578905658,1.3303176695248402
MT,2023,48151000,156,2.685285189974635,1.4618939928459573,2.138697228251259,1.562062766149569,1.3578047448358033
MT,2024,47969000,75,2.5681137266802865,1.4398181822829266,2.09125075991276,1.5372688460070372,1.3419488978332343
MU,2015,27944000,38,1.7674474757208642,1.357428869159127,1.6476409714958813,1.397072178360657,1.2863191092634998
MU,2016,43889000,49,1.8369302301442554,1.3684917577084492,1.6800313239008793,1.4110823537648545,1.2933481032713068
MU,2017,43700000,50,2.1455976733200295,1.5065486938746884,1.8769850236285381,1.549631155840564,1.395651543613851
MU,2018,42483000,55,2.2503215141184056,1.5516424810992846,1.9261789782743828,1.589195145010391,1.4272810369054096
MU,2019,39870000,80,2.2051420997593616,1.5138851842407357,1.8731536148885592,1.5484092146176422,1.3986113533251099
MU,2020,39740000,78,1.8531434207450963,1.3749236145615251,1.718775441485752,1.426256539841602,1.3032504630337938
MU,2021,39108000,68,1.7909228854441408,1.3549147960251235,1.6821884536486436,1.4051799452183336,1.2880361864425691
MU,2022,35263000,265,2.3055685697566717,1.4607823203634795,1.9160956616219755,1.518433527287663,1.3598663663478934
MU,2023,34480000,75,2.1851586888449117,1.4558577186531192,1.899699365684139,1.5146097878764686,1.3580343980049672
MU,2024,36631000,205,3.1173946149565976,1.6326348503412798,2.328310169983057,1.719024398078782,1.4810437420538243
MV,2015,8799000,43,1.8256444434155088,1.223130506868869,1.6675356891667095,1.2832425227035293,1.1747205551129078
MV,2016,13772000,44,1.993937594206625,1.274747423994183,1.7722696618612799,1.3442022015182542,1.2145021801056253
MV,2017,14499000,51,2.464269235681648,1.44759986475452,2.0433923687689566,1.530532039872509,1.3446613398340113
MV,2018,15986000,52,2.5072942731327443,1.46226953588473,2.044236584071418,1.53872268937106,1.352410555026588
MV,2019,15992000,53,2.576404875589741,1.4623425836725243,2.0697508027504967,1.5411465015456467,1.3500478718134121
MV,2020,17042000,81,1.9150925861252055,1.2341523667401195,1.71309539882084,1.308203889177197,1.1887534510962787
MV,2021,19090000,52,2.1836364989063295,1.3426252983785951,1.8473395808901634,1.4153310957221312,1.2666880578569437
MV,2022,18960000,55,2.2523968818843225,1.3556398526385174,1.8732486025621302,1.4256651168794394,1.2730097175207775
MV,2023,18355000,58,2.2901346047197193,1.3594856284218078,1.9151174511814268,1.4388362809244015,1.2787547106436474
MV,2024,18702000,60,2.38920180850593,1.3823167503393647,1.987208384801634,1.4707369870193492,1.2971949145644048
MW,2015,3799000,24,1.3676451546510593,1.0975112236643974,1.34043122202929,1.1289409748531984,1.0779042950494662
MW,2016,9173000,29,1.338006046906801,1.0869312438290561,1.308187128765511,1.1155395763564349,1.0696785375764337
MW,2017,8701000,33,1.5836951693440922,1.1723035353667286,1.5288090146886018,1.2257586408182832,1.139666735740912
MW,2018,8274000,31,1.569056813403096,1.1621135678335657,1.5084052694299643,1.2110298347505446,1.1298232978135996
MW,2019,8080000,40,1.5833701100290192,1.1516302861492496,1.5042549077360583,1.199945694908536,1.1212024920245174
MW,2020,8038000,34,1.4142362637853425,1.1044392824108538,1.3779237272182407,1.1417980120426803,1.0847579872478068
MW,2021,9239000,56,1.422776082826833,1.1021372580187605,1.371479249172285,1.1387503860720876,1.0828612362811962
MW,2022,10404000,37,1.3551216318393215,1.0884058099837475,1.3510377647842118,1.1238276983620903,1.0727629457441363
MW,2023,11251000,46,1.3804005313183336,1.0920272024979025,1.3438168849708976,1.1263378034707978,1.0751635891782292
MW,2024,12227000,44,1.7271338539711776,1.2155807846596238,1.6940955537649123,1.296191001299545,1.1801844773474135
MX,2015,2307787000,270,1.6200561287923494,1.3192356308328603,1.579039760623693,1.3649082539653674,1.263993026899712
MX,2016,3375783000,272,1.5906865724957757,1.3086815177736024,1.571650934847028,1.357010205575209,1.2571191534974482
MX,2017,3147072000,285,1.643153891100662,1.3256665069103175,1.5966019152380777,1.3734695745331662,1.269336765745819
MX,2018,2975867000,275,1.6734390371292869,1.342745214070165,1.6130610878229044,1.3887113065332446,1.2819836754399117
MX,2019,2880341000,291,1.686275278692697,1.3503217277268018,1.621794758979471,1.3967196472112455,1.2890689125642636
MX,2020,3115365000,296,1.6539870576613518,1.3424947368410978,1.6097580110527636,1.3893924139712182,1.2839843349308766
MX,2021,2676595000,287,1.7457158876522356,1.4014712541019863,1.661784341893335,1.4422754135082783,1.3307880209599101
MX,2022,2238855000,254,1.8269938728810011,1.4790432656335435,1.7088965813984727,1.5042268550459985,1.3914095035688674
MX,2023,2296959000,312,1.965952331448082,1.5351658292651709,1.775239001915874,1.5537270827326488,1.4330136325515894
MX,2024,2155878000,281,1.8621797090062933,1.521218698941836,1.72734244865317,1.5351353538665506,1.424554088223109
MY,2015,614335000,268,2.5462229824153546,1.6888249001150668,2.387308592760137,1.8499034911696077,1.5845535631270202
MY,2016,947718000,279,2.6049684732060316,1.7564386695750072,2.425183204242184,1.9096553445075533,1.639789048001909
MY,2017,959586000,251,2.8938065987942605,1.925180460019717,2.5846587798766874,2.064309617503853,1.7677642223084964
MY,2018,999472000,283,2.927283167413985,1.9470838008286093,2.6064578736807675,2.08512556728931,1.7849667427453875
MY,2019,1001567000,257,2.828618741668814,1.9210591850491265,2.5429123694321425,2.0507645661596223,1.7669986090118477
MY,2020,1147673000,300,3.0303876291601357,2.0506655428883565,2.5913699448395944,2.142588877087267,1.8658795065088152
MY,2021,1365947000,258,3.1508913003974874,2.217959670162692,2.633868060896296,2.254315188281104,1.999184306353748
MY,2022,1161876000,279,2.912537091028988,2.065529776375546,2.5525514049987685,2.143273222065947,1.881706773173759
MY,2023,1225595000,324,2.863266438185572,1.9964843045650496,2.5298233873497753,2.0885913627118433,1.8227657942653452
MY,2024,1122148000,283,2.867170373329019,2.0443500750214723,2.547974095104178,2.1302221582397727,1.86700947982894
MZ,2015,18609000,38,2.394159153783185,1.7560703566525118,1.9437964052424506,1.7058087630331267,1.574151029500625
MZ,2016,49647000,59,2.15155443501554,1.585388329825642,1.8371924478215393,1.5866003604442802,1.4544013668082232
MZ,2017,51102000,60,2.196745094589804,1.5577200861663438,1.8779832565835861,1.5826307916743243,1.4356360469850995
MZ,2018,36049000,61,2.357023590828089,1.667340827124761,1.9729977431499035,1.6741546443739608,1.519731513249692
MZ,2019,37896000,52,2.1335753907913992,1.5669586365603767,1.8613254621889144,1.5881052085320242,1.449987777399611
MZ,2020,35610000,147,2.2419318357566995,1.6177612007110453,1.8918672812387882,1.624104605817696,1.4870673584685088
MZ,2021,33079000,134,2.3965660392907693,1.706241515759122,1.956186857357157,1.688686629569651,1.5502304365393025
MZ,2022,27645000,172,2.779664508628822,1.9016755756245114,2.08865121910728,1.8213606762347272,1.6863752071542302
MZ,2023,26003000,78,2.6441145293004786,1.9098454069369009,2.068335387940607,1.822551933820267,1.6957836803641897
MZ,2024,24577000,60,2.5580846740456624,1.8776708382504432,2.0511645580840803,1.8028989947145884,1.6743546776358806
NA,2015,7889000,29,1.9227413907191864,1.303772749366987,1.610113539486363,1.3086712641641,1.2095663046382241
NA,2016,15229000,34,1.8007128888668942,1.2559680178193953,1.5327369582770893,1.261820445664479,1.1769206568582105
NA,2017,14893000,34,2.094838623640911,1.3754404861238765,1.7204211109143486,1.384634002152625,1.2628110015334608
NA,2018,14611000,37,2.090887074103631,1.3680422564285777,1.691881513564064,1.369924118688993,1.2539699048455932
NA,2019,14188000,149,2.297222806193144,1.3850827056014323,1.7608765433088018,1.387595875506693,1.2621193067263585
NA,2020,14505000,59,1.82710524508781,1.2441294284966382,1.5177093709815475,1.2494671277430012,1.1675807591645788
NA,2021,13736000,40,1.8413459629421893,1.255442848367121,1.5506866709042513,1.2641356857499841,1.1767410920518473
NA,2022,13274000,37,1.9050545260630096,1.2832764617473165,1.5969285105223445,1.28752886025323,1.1935618181280387
NA,2023,13063000,47,2.0071090774993183,1.3115900463854329,1.599745164605714,1.3040476501110005,1.208434172447263
NA,2024,12382000,41,2.0001886496896164,1.3112404116021217,1.6059292761549788,1.30594789816539,1.2091634586240076
NC,2015,7651000,24,1.7273270193403825,1.3328287716765568,1.6527753295520318,1.3828052816457799,1.2704873536625327
NC,2016,10477000,70,1.855543912449593,1.3764803186533994,1.7212893285022282,1.4281590413934295,1.3046423140716867
NC,2017,10840000,23,1.805091124675328,1.3545281955872244,1.7064083568169288,1.410901406296887,1.2869222188023801
NC,2018,9848000,25,1.7365536090000018,1.329871372178193,1.6613143412825058,1.3832364220295674,1.2685960696286702
NC,2019,9796000,24,1.7609814221984021,1.3562614353131288,1.6836520856581594,1.4069398385064111,1.289830378249649
NC,2020,9945000,46,1.7300941426578578,1.300336795335812,1.6500723683737109,1.3585776015381632,1.246012133253963
NC,2021,9658000,31,1.7013474365998835,1.2935955974824107,1.6453816257369889,1.352575595694027,1.2411358446910234
NC,2022,8131000,19,1.6501206750956872,1.3057202407237218,1.621516247546349,1.3579804983109705,1.2510616088983937
NC,2023,7909000,22,1.7950724230579995,1.366468389976425,1.7432446884426755,1.4257776049153832,1.299468382710071
NC,2024,7902000,19,1.7250565677231924,1.3368434349057043,1.7344818464491052,1.4012912750153532,1.2773384732991713
NE,2015,2907000,23,2.221631284498649,1.5580602036163764,1.9992118245439572,1.6115203411913621,1.4430301039601066
NE,2016,6739000,25,2.142417178731185,1.5219010032408762,1.9452617548725124,1.5795504367907913,1.41691248734487
NE,2017,5683000,23,2.4948573726849212,1.679888462005193,2.1384318994515934,1.7250571906517054,1.5298552169832578
NE,2018,5950000,27,2.5588934230102245,1.675095492626883,2.1598620666458075,1.7281349793701415,1.5250047922928056
NE,2019,7099000,32,2.586131098026501,1.7103736116777482,2.163640681536535,1.7498325242257111,1.5512329593245076
NE,2020,7118000,34,2.6178288420203066,1.7046949534883986,2.1982374905269912,1.7560218622213775,1.5493497507919072
NE,2021,7461000,29,2.4404444813791804,1.6419633906294508,2.1404623009754005,1.7027296190948988,1.503735176068445
NE,2022,7460000,227,4.036448429346207,1.9505120428826765,2.590505910630197,1.9875153577723101,1.7062567461635896
NE,2023,6619000,30,2.5927888663249257,1.7359874045385777,2.2145920434193536,1.7799593816904715,1.5712256033116985
NE,2024,5801000,28,2.4734989243686027,1.6661515458353309,2.151346048749604,1.72164013255231,1.5206896307107658
NF,2015,3000,1,1,1,1,1,1
NF,2016,13000,2,1.5362171861003946,1.352,1.544074513841337,1.379174785249952,1.2893779813913948
NF,2017,12000,2,1.3322056912494478,1.1803278688524592,1.3847939948950523,1.2195265847673045,1.1516731441933623
NF,2018,49000,1,1,1,1,1,1
NF,2019,53000,3,1.5397789629662706,1.2613381230354737,1.422703079762555,1.24963151432943,1.1794745750587885
NF,2020,91000,10,5.175939684103936,3.047846889952153,2.489454440297727,2.1530705801766272,1.945833091668144
NF,2021,48000,1,1,1,1,1,1
NF,2022,49000,2,1.1047547774326025,1.041648590021692,1.141884937078451,1.0593146070421484,1.0363227836861941
NF,2023,46000,1,1,1,1,1,1
NF,2024,40000,1,1,1,1,1,1
NG,2015,137418000,171,1.4365010301334757,1.1051448246822053,1.3886899735096434,1.1477934077935523,1.0878327521014861
NG,2016,392039000,252,1.2583266498424879,1.0637057219448922,1.303103344125414,1.0976770999122223,1.0550456891121387
NG,2017,423566000,276,1.3002782783829891,1.0733482777829195,1.3406237292180072,1.111837102588439,1.0632325269378333
NG,2018,377042000,284,1.310586129601623,1.0763768036033463,1.355706486236472,1.116743770593801,1.0659091796035516
NG,2019,439336000,291,1.3258948039622385,1.0833870903239162,1.3994344970917654,1.1304000258747484,1.0729227041791778
NG,2020,476926000,299,1.3389440176143246,1.0932296766087206,1.4493334373284414,1.148036709917243,1.0824988843961671
NG,2021,505341000,273,1.3449719548087868,1.0959752518750272,1.462485472523827,1.152937170597933,1.0852091706229634
NG,2022,496685000,309,1.633659469614207,1.1822505650419084,1.7103867935686177,1.2706173798676947,1.1572002397639387
NG,2023,491588000,313,1.532052091124763,1.1418700890455706,1.6176959868695524,1.2186597631171165,1.1238027825769101
NG,2024,440104000,326,1.4560956749747807,1.1297580382763661,1.5852066310523274,1.2034991873566812,1.1145503365987368
NI,2015,39520000,41,1.772426866370795,1.4043998254556884,1.6654186958610533,1.4426916336378361,1.3300029574334888
NI,2016,65908000,72,1.7540331576497055,1.3653864827065723,1.6492513577870065,1.411838996831869,1.2992316715263703
NI,2017,66802000,285,2.0267783512795288,1.396584559375646,1.774827606154777,1.4563229792427566,1.3214609198559908
NI,2018,59285000,62,1.741229729006271,1.350582409780598,1.6515285127735768,1.4023679140155807,1.2881680952258925
NI,2019,60130000,58,1.685592625469252,1.3263638192802367,1.6183507888644288,1.3774876934078275,1.2688843090864226
NI,2020,67165000,69,1.691192686556326,1.3253458646673553,1.621367878009448,1.3771743866849158,1.268346719241836
NI,2021,58297000,92,1.7809452465361162,1.3643718834058636,1.6667311404742307,1.4143848028755501,1.29860014220807
NI,2022,50240000,62,1.855661834191119,1.4357472952437997,1.710387895740956,1.4735132393322925,1.3541450049860173
NI,2023,20369000,52,1.964121137743782,1.4873468718043725,1.7741353967568825,1.5222564140783101,1.3941397421749946
NL,2015,1490560000,277,3.422851015379399,2.401319190185149,2.0106739435657204,1.7005165133225606,1.592304834377544
NL,2016,2369949000,281,3.906968361678242,2.514477354005692,2.132818473293443,1.7733077336233003,1.643502788204974
NL,2017,2478832000,285,3.8900080012427534,2.586853029066383,2.1603802014513773,1.8048524520630296,1.6713078966884085
NL,2018,2708966000,290,4.186252929604282,2.681592790674178,2.3405909088821995,1.891207595214538,1.7246800042169104
NL,2019,2906971000,296,4.873002996722682,2.8228457277387835,2.4855713168442444,1.979834062668453,1.7858389553448555
NL,2020,2534382000,302,3.9543844394936962,2.5235073457003523,2.187570981762095,1.793486153960033,1.6538113200188647
NL,2021,2361334000,312,3.7879867189774963,2.4609704028058643,2.110200137382849,1.7513547928091846,1.6247694574067193
NL,2022,2326543000,316,4.9550030793451665,2.9284274533862287,2.5046479557760706,2.0343362713096766,1.8372462776109144
NL,2023,2468535000,326,5.292567695912525,3.071387659312417,2.6674263647020346,2.1359718460579904,1.9074815608027225
NL,2024,2399889000,339,4.9682580752269745,2.9823224247061515,2.5359980005301077,2.0655935381789066,1.8634761043889523
NO,2015,693951000,260,4.7024796491264045,2.769964580233889,2.422893119244872,1.9978240607275035,1.806863690902766
NO,2016,762538000,241,3.3820603327757,2.421311469492848,1.8657528919395325,1.6425156101691036,1.5675216433125887
NO,2017,752781000,253,3.430510533087886,2.4466271257012964,1.889231864155378,1.6565260384226361,1.5784382289552774
NO,2018,751294000,281,3.551896178423504,2.463925937508381,1.9285789972123555,1.675019301542544,1.5901023635055043
NO,2019,744122000,285,3.443482265052217,2.427958590237914,1.9199133143636087,1.6620018374472474,1.5788911917350217
NO,2020,751582000,296,3.2089412955344456,2.3606740521657277,1.8394392773561092,1.6226642750495504,1.5526530841457546
NO,2021,726539000,290,3.223592952896379,2.3558516680016552,1.8508573787305345,1.6254279354517533,1.5534588646772423
NO,2022,663079000,289,3.4742039152621196,2.4128323229592734,1.925243595626981,1.668989473052455,1.581352363355042
NO,2023,668031000,300,3.6494391539332955,2.442256981440872,1.9970006595007792,1.7065753096708605,1.6036993448353
NO,2024,647418000,259,3.5816329288987525,2.416368729346218,1.991985056040677,1.703844470079392,1.5998557652349308
NP,2015,50129000,63,1.3208964163059806,1.0872779455618382,1.3770440386650051,1.1304638079961777,1.0749601373369724
NP,2016,113910000,256,1.4606239072249099,1.1227015345752327,1.4970042928524834,1.1810987042634509,1.1050109615867487
NP,2017,101945000,73,1.580579918803776,1.1815686525390776,1.6246813199507588,1.2559113021875459,1.1539041602733835
NP,2018,107982000,93,1.6149759966078814,1.192345727101366,1.6630723927454314,1.2719246362128358,1.1631531533242192
NP,2019,110715000,133,1.5684113856036368,1.1667198692489429,1.6369373467645336,1.2454263992066568,1.1435644714503947
NP,2020,136296000,233,1.5857799752387989,1.156203853350246,1.6392642819307264,1.2350168807093613,1.135186280261862
NP,2021,142527000,171,1.4624186591751571,1.1349448623900797,1.5667077666493814,1.2071849176373368,1.1190046915453036
NP,2022,152543000,247,1.616862281395957,1.1722715021070167,1.6844263533894843,1.2591450001716804,1.1499956620856855
NP,2023,168006000,250,1.7196834672496144,1.2157660987737477,1.7728525543285076,1.3174562220495278,1.1881943872954361
NP,2024,148244000,256,1.8790641086561002,1.2656133026727467,1.8763346316171874,1.3818693598470306,1.2305573858628673
NR,2015,63000,4,1.9270634841223488,1.488188976377953,2.0957811722497843,1.6197783395983167,1.4162193210569916
NR,2016,101000,6,2.1859058204251594,1.587210206939474,2.188666212366601,1.6957620915604066,1.476695851585935
NR,2017,71000,4,2.2377167551278565,1.753391304347826,2.162261015227745,1.7932440960141212,1.5977867858500308
NR,2018,58000,2,1.3413452035327265,1.1870148200423427,1.4230180110315565,1.2352622915870415,1.1603670208495749
NR,2019,181000,9,2.1234953228793234,1.442389820807467,2.101213183937932,1.5584226315733813,1.3555935294236452
NR,2020,261000,13,3.31723962879249,1.8226354515050163,2.4892820750449838,1.8479096364321534,1.5686943921131826
NR,2021,191000,5,1.531430407198364,1.226375768985108,1.7791029822209012,1.3378685568106727,1.2027744828684312
NR,2022,207000,5,1.6086851347897348,1.258377140172095,1.7362975354363812,1.3398459238075286,1.2128468937974342
NR,2023,167000,2,1.294875218132221,1.1539161736108239,1.5359415690495846,1.233138677106305,1.1423669459489154
NR,2024,74000,2,1.5577428904901567,1.373119358074223,1.7340661184570139,1.4700109048605077,1.3402717536294364
NU,2015,23000,2,1.5873038886840467,1.4031830238726792,1.2896151972248058,1.2501071806552864,1.2206243654599234
NU,2016,26000,2,1.5362171861003946,1.352,1.2657372449438336,1.2251074403897213,1.195851416556595
NU,2017,25000,3,2.029492753219272,1.7313019390581716,1.6036088785680238,1.465417288740508,1.3978718798501162
NU,2018,53000,4,1.5704843713386434,1.2613381230354737,1.7560240408856436,1.3668408168953208,1.2304572020349394
NU,2019,35000,4,2.016273323493333,1.5255292652552925,1.8305456881567739,1.4982159810243916,1.358391697832529
NU,2020,64000,11,7.44260650036756,5.211195928753181,2.816249108130725,2.5776494361414697,2.4146990917871216
NU,2021,16000,2,1.2633812503027273,1.1327433628318584,1.3166562238814568,1.1677863991135242,1.1123698381414981
NU,2022,1000,1,1,1,1,1,1
NU,2023,5000,1,1,1,1,1,1
NU,2024,8000,1,1,1,1,1,1
NZ,2015,348976000,236,1.3639702568794245,1.1018807379184328,1.4347370062630975,1.151101450961624,1.0868002964915289
NZ,2016,526079000,138,1.367431054070994,1.1054518250027425,1.4430544108895524,1.155607674300536,1.0897007292791465
NZ,2017,503601000,127,1.4188353082965777,1.1229109679487508,1.4992839814022827,1.1802456828584604,1.1044440159124205
NZ,2018,488183000,149,1.4253109767811167,1.1244937328793583,1.5065069281189047,1.1830507680398932,1.1059781377989717
NZ,2019,490458000,280,1.4305396925155176,1.1225762731960065,1.509928518252939,1.1818551390493155,1.1046873390759266
NZ,2020,526689000,154,1.394022863563456,1.111240779374921,1.4808004351497532,1.1682575165732454,1.0961288106650644
NZ,2021,521666000,137,1.3947047678134763,1.1152388223047895,1.510375652927386,1.179119082498874,1.1016531223452135
NZ,2022,527058000,254,1.3622095083347732,1.1001278943807233,1.4521962531458121,1.1548625458422679,1.0876597045016683
NZ,2023,538865000,319,1.4024326732894976,1.1055597355347613,1.4665229850196269,1.1603972559122058,1.0911508392518154
NZ,2024,516624000,152,1.3760728474158017,1.108783877948129,1.4783776476427934,1.1668012623541963,1.0949632667196008
OM,2015,47262000,67,2.42190372510198,1.9465491493113423,1.9974274126995313,1.8419860446564615,1.7549843390455073
OM,2016,70969000,72,2.5858079996225065,2.073854215228456,2.0633208693281366,1.9173024076697982,1.8448644617861447
OM,2017,73096000,111,2.918583185452872,2.246707701719449,2.2354874676011107,2.048705065440924,1.960847477607629
OM,2018,75218000,87,2.909585539810381,2.268782554928612,2.2296701499726597,2.054398265565333,1.9761158378536388
OM,2019,75412000,71,2.8633398644997876,2.2530749583501213,2.194119675144129,2.0331240573324285,1.9658047927853708
OM,2020,85469000,138,2.7457801988674784,2.198423306126807,2.12403754188971,1.9864363589659375,1.932349127387895
OM,2021,88205000,107,2.661245303526846,2.137564123338734,2.0827176393261735,1.9481025293141412,1.889526410242356
OM,2022,69183000,219,3.0053200035548633,2.2505161926652613,2.19543614218253,2.025533871643696,1.9598625289714589
OM,2023,28040000,76,3.082549438159758,2.310973786478753,2.293258223672712,2.0815000408166413,1.9992006059647316
PA,2015,103810000,168,1.9987930873387205,1.5486040917941533,1.7851789975275052,1.5628087115958422,1.440929516250225
PA,2016,157960000,72,1.8936887096288335,1.5175702552203716,1.736984825008402,1.532914670238347,1.4186055172728522
PA,2017,169735000,285,2.3586573363848813,1.611635120460341,1.9221414084441917,1.6298727773167048,1.4847385185153428
PA,2018,153846000,80,1.9051045137141875,1.5000886846636121,1.7477599256801712,1.5254581437908763,1.4055125625956804
PA,2019,151040000,113,1.889499959764517,1.4841227587666328,1.7353953266878577,1.5116379553742254,1.3926800351608282
PA,2020,170739000,159,1.9307040492333007,1.543508171862786,1.7597040343135029,1.5543515524809002,1.4391613056560286
PA,2021,149013000,79,1.9718183781371916,1.5798941406370186,1.7906485160944727,1.5843047573016238,1.467897508985272
PA,2022,123565000,307,2.2480774146219664,1.713535703678438,1.9023420343409705,1.6855559420187554,1.5649169792324886
PA,2023,124774000,310,3.810402859158373,2.1381386279339676,2.418616610851421,2.028998443063792,1.8370587163661054
PA,2024,107522000,273,2.47233369006808,1.7914705728928664,1.9833638082651317,1.7462618640089689,1.6192182768555994
PE,2015,566500000,135,1.5246413400493612,1.2465443685400204,1.512125417801016,1.295386993827905,1.2048119238668433
PE,2016,783974000,177,1.5470183551609458,1.2578406254216998,1.5283388691436448,1.3075640978048118,1.2141353545520153
PE,2017,749577000,126,1.5716612863112358,1.2655310566870495,1.5408217260459145,1.315346930406733,1.2196012324972985
PE,2018,738498000,124,1.597352655842473,1.2772507763786933,1.5534690423082116,1.326139065936122,1.2282010268276262
PE,2019,730519000,149,1.5579205651703436,1.258269219407647,1.529631009413782,1.3070503244542513,1.2134088896645296
PE,2020,791300000,212,1.614430534417885,1.2841723493432777,1.5724701502333558,1.3365413498486958,1.235683446237444
PE,2021,671257000,140,1.6029581522742937,1.2985565508324952,1.5760199401644461,1.3491766244923433,1.2481164149553545
PE,2022,629141000,159,1.7000563364076218,1.3598843648391095,1.6326523303044045,1.4056117427671573,1.296524210872032
PE,2023,657181000,304,1.932866450456888,1.4261382171071448,1.7401239610746089,1.4721772467426986,1.345833640136777
PE,2024,566038000,223,1.7848944515136558,1.4008176760492155,1.676310064521696,1.4432020645241936,1.3283116950165714
PF,2015,5809000,20,1.920084828021285,1.4507154357593597,1.7624105941356991,1.485830636070115,1.358777684280259
PF,2016,7931000,24,2.0407164086424023,1.4945583408996916,1.844979984500013,1.532629846524312,1.3923105164352458
PF,2017,8401000,25,2.160421727955686,1.526205089006679,1.9063715467455402,1.5683661510924063,1.4135818067871486
PF,2018,8299000,26,2.2650960522612476,1.5864523749530357,1.9461436842560196,1.6157861487023861,1.4559709320295091
PF,2019,9202000,215,3.343021167985499,1.821198762226347,2.2861443343482497,1.8269893572638027,1.6146150024713357
PF,2020,8956000,51,1.9213445316266,1.4078941765441388,1.7646998398572318,1.4593275077152057,1.3290440643077235
PF,2021,8365000,32,1.8597698383279861,1.4100798348108259,1.726623848320781,1.453249421071964,1.3304355864818374
PF,2022,7813000,25,2.034634708571889,1.516197826075779,1.8019649100311625,1.5377648570920002,1.4073938028843311
PF,2023,7439000,38,2.1997844892222975,1.5879271874654495,1.8878927392944804,1.6011899616206609,1.4598656316442395
PF,2024,7251000,27,2.1343097228878674,1.5618425565179084,1.8732231036477356,1.5817530104177908,1.4419259670209543
PG,2015,4563000,23,1.3795960598638133,1.1016230088178125,1.417177330766757,1.146629609296618,1.0850269216895536
PG,2016,6690000,24,1.3411517448004289,1.092472530562605,1.387850503020872,1.1355542668122203,1.0783515355279418
PG,2017,7964000,25,1.4169064265687386,1.1152469842490762,1.4685147008139308,1.1694467765426342,1.0983595265453452
PG,2018,8031000,29,1.4418321041629543,1.1200945557175264,1.4983568603439728,1.1778620938951472,1.1025834931063736
PG,2019,7655000,29,1.4211165972247177,1.1121128200672676,1.4535603179204535,1.160250462601574,1.093002463410127
PG,2020,8705000,31,1.388420366921357,1.0995282478779307,1.4125837987006338,1.1435044200343922,1.0832152943965028
PG,2021,9210000,29,1.3575611404998587,1.09606857062226,1.4297841084268608,1.1457905397226906,1.082901439952495
PG,2022,7903000,30,1.3856621252143753,1.1021483696888859,1.4528420736806957,1.153546436986626,1.0874961887142858
PG,2023,9295000,37,1.3458654083142019,1.0883635780544743,1.396118049099801,1.133350854497681,1.075875106527574
PG,2024,10047000,33,1.3238508080182385,1.0829147840562938,1.3787254574288996,1.125784272554064,1.0713741286933334
PH,2015,878399000,264,1.406123486359305,1.1506230003932985,1.6885106808524322,1.2459845535136294,1.1388295423289403
PH,2016,1301081000,269,1.4333017776071275,1.1539397241381548,1.7043031967500601,1.2499004971701384,1.1406674857734833
PH,2017,1348696000,252,1.584813681561998,1.2144180616463127,1.8423546508630064,1.3278691272828675,1.1903344753438967
PH,2018,1363686000,276,1.60467608819549,1.2211594554796792,1.8633681610507713,1.3363245340157495,1.1955867805806324
PH,2019,1266920000,233,1.4884260623380712,1.1637577881345638,1.7608709883601343,1.2646216019577263,1.1477276912201004
PH,2020,1541896000,300,1.4805257984237965,1.143308818782246,1.7126702967679188,1.2346951486271005,1.1290310460174704
PH,2021,1760335000,290,1.4157172087502843,1.1267205892138779,1.6569633782170226,1.2107695785324786,1.1150613638504334
PH,2022,1674179000,291,1.3780575457245217,1.114879851967296,1.6170166659163236,1.1925049158420162,1.1044099223337989
PH,2023,1687960000,308,1.5027982751704216,1.1586659151413605,1.748863739061538,1.2585125185863613,1.1438039050427289
PH,2024,1547339000,320,1.4854828953489048,1.1409530494138296,1.7137088369876043,1.2327030093903164,1.127314837750029
PK,2015,354866000,195,1.193711575117068,1.0492051429365405,1.1883110468323186,1.0705003823774106,1.0418304156078277
PK,2016,966049000,270,1.1993422617737417,1.0497425561772549,1.1883268250951302,1.0711539954541833,1.0423033359885583
PK,2017,1765917000,265,1.2044243861253832,1.0601967139776152,1.2084387553531353,1.0844718383859417,1.0512956632372215
PK,2018,1846814000,279,1.1991943511052814,1.058141655704773,1.200872931188401,1.0814457325364595,1.0494994456788589
PK,2019,1844630000,264,1.1319432291431528,1.0346875753256217,1.132478776305734,1.0500625398585588,1.0297542843543652
PK,2020,850918000,301,1.383733697166372,1.1013250799042686,1.3704353424817313,1.143918455173514,1.085851063784771
PK,2021,699249000,309,1.6683426131287185,1.1578073381532308,1.5362259662167865,1.2148473055629663,1.129078675424298
PK,2022,687006000,298,1.8315815740221237,1.1933066690629126,1.6479676866784378,1.2623758593920391,1.1573966128273823
PK,2023,272468000,296,1.661216222334308,1.1818736424946783,1.588954791117618,1.2498265455097952,1.1521378695831612
PL,2015,2024727000,277,1.95894994368007,1.4607823214765727,1.7698536341852034,1.4974863757812147,1.3680136435463541
PL,2016,3277559000,281,1.9890141010651605,1.456834215374183,1.7691947162119357,1.4895786377167999,1.3596773559743025
PL,2017,3282524000,285,2.0624210391121793,1.4946939106125592,1.796917334775187,1.5154388644910393,1.3825687092662409
PL,2018,3363313000,290,2.0733455737737905,1.5018521404106222,1.7944919148815337,1.516642808419174,1.3847226624183993
PL,2019,3340033000,294,2.085223342004493,1.500498930380511,1.8042679145224747,1.5188191143870453,1.3850053471928494
PL,2020,3666424000,302,2.0288639274048204,1.491557042892784,1.7814957522474244,1.5110644458336748,1.381744756901232
PL,2021,3566664000,311,2.103404403851447,1.535264181255355,1.809835192691394,1.542117334162064,1.411060396174834
PL,2022,3321131000,316,2.406769956972935,1.7019423741062598,1.888997979959958,1.6346720688051386,1.500123005331148
PL,2023,3375722000,326,2.7990127816492842,1.8721253000452125,2.0696009389974184,1.7648964520652535,1.6054878893878846
PL,2024,3334988000,339,2.7450507572379665,1.8805967679405173,2.0714768641995054,1.7688553005372054,1.618888944091058
PM,2015,431000,10,2.17666885200504,1.719388369014892,1.8575634655696713,1.6680767132615226,1.5530409367636406
PM,2016,534000,6,1.9731519292017492,1.5628240400740978,1.740361894095496,1.5496022880645466,1.4333466291767816
PM,2017,527000,5,1.8092680893564559,1.474732510288066,1.6706214647603392,1.4823776289476511,1.3734060243824338
PM,2018,621000,5,2.0753890998307676,1.859702845679399,1.7878922571607758,1.7125841021758719,1.6533661382544576
PM,2019,507000,5,1.8787666308259654,1.5262832883056734,1.7091671218295332,1.522971718646133,1.4116590097009616
PM,2020,727000,20,3.7799661075209725,2.167354905908742,2.401262631965727,2.016349726047818,1.793833855340244
PM,2021,531000,5,1.6366460961780867,1.3531941238295888,1.573087326974584,1.3819798833590256,1.2835239150745563
PM,2022,543000,4,1.7018941242675782,1.417563714861272,1.6168223401283732,1.4350993945317174,1.3334416741543467
PM,2023,486000,4,1.7407319855714471,1.4410806457517293,1.625089400932567,1.4500513570349807,1.348553879339793
PM,2024,504000,4,1.7103916276005438,1.4322218338050723,1.6172516413570486,1.4436875540327445,1.343466451894819
PN,2016,4000,1,1,1,1,1,1
PN,2017,4000,2,1.7547653506033232,1.6,1.6632795037943504,1.55584343153312,1.477670031004684
PN,2019,13000,3,2.9252919313143395,2.864406779661017,2.0676379003656797,2.0627913147825843,2.05788340690165
PN,2020,47000,10,8.193457804001174,6.924764890282131,2.869683021726951,2.731545494899029,2.6413440227018965
PN,2023,1000,1,1,1,1,1,1
PN,2024,12000,2,1.5691925832141966,1.3846153846153844,1.7398059237155168,1.4804602699101572,1.3504973930130515
PR,2015,88228000,59,2.1997127615835383,2.021844921471377,1.864526448338247,1.8150288960936076,1.7913068114709152
PR,2016,128274000,131,2.225366181173787,2.0341930883274153,1.859928473664694,1.8179342450648242,1.7992937426382707
PR,2017,95509000,251,2.292535077724922,2.0271913198020552,1.8893771000704358,1.824509248490739,1.792494208484272
PR,2018,98432000,91,2.3315728490513474,2.036878748156764,1.9142891340471602,1.8373669055742332,1.7984672336975558
PR,2019,110463000,94,2.179375253770906,1.9260654337703995,1.8553461472294386,1.7736712834330346,1.7236050766632791
PR,2020,117552000,97,2.153303114722254,1.9425962362888554,1.8301417683889494,1.7719172146797562,1.7342882270842757
PR,2021,98662000,71,2.1230913356113224,1.8996169734343449,1.8248461395121565,1.7529132771675953,1.7051480864888324
PR,2022,100303000,87,2.094013646361865,1.8024874020325992,1.8181086712590924,1.7078738561568516,1.6346070941324566
PR,2023,115331000,302,3.508670554142212,2.090807046084117,2.33363462472426,1.9825113764304318,1.815652610752659
PR,2024,113357000,184,2.1762053432967945,1.802036069887748,1.8722867439321458,1.72333637877385,1.6357809293724046
PS,2015,27119000,51,2.425412136513476,1.8929641512836857,1.9858489699978286,1.804974931710484,1.6992067678595222
PS,2016,46072000,46,2.326946002188189,1.7981267240179704,1.9560201822713357,1.7498794123791543,1.6294415916947436
PS,2017,54210000,53,2.3018719344460394,1.706107063927913,1.9800918141253336,1.7101071769229996,1.5620479613782632
PS,2018,60196000,209,2.361678184428324,1.7161176758406766,2.0019449770506235,1.7227382207097033,1.5727178737200656
PS,2019,54973000,71,2.144432328871424,1.6174560752490135,1.8939269964666534,1.6362595571704164,1.4975277623988208
PS,2020,53833000,67,2.0449173348457816,1.5900154018661072,1.8394537432403124,1.6060490108823193,1.4770569188503115
PS,2021,56190000,49,1.9470467717172792,1.527410795254865,1.7948949872925695,1.5559101765795202,1.4282807656964525
PS,2022,57302000,61,2.2148488511619395,1.655507604315804,1.8960929723004745,1.6470776132297908,1.510584968081933
PS,2023,63193000,65,2.334378955238628,1.6948368483167502,1.9350621390978422,1.6686510608062992,1.5249520454073588
PT,2015,376471000,267,2.9709861192148392,2.29395269542986,2.07865264385218,1.973352214626723,1.91852869527028
PT,2016,583544000,239,2.9640454741478526,2.2749228125503693,2.0819017933927944,1.9677144187226268,1.905739640280474
PT,2017,586602000,271,3.1112778569814594,2.316349368362025,2.1506265269953513,2.0073497398361453,1.9285300585055078
PT,2018,593056000,265,3.138236488000682,2.320631169194552,2.16485143341173,2.0147900026295633,1.932365930924295
PT,2019,621655000,285,2.999328732881125,2.212354523497322,2.108128160524743,1.955349817251165,1.8693660337483848
PT,2020,715372000,282,2.7271964671472917,2.1122804261901016,2.0160993723838825,1.8892139367512082,1.8148843644516426
PT,2021,695154000,267,2.766423456417057,2.164519191380928,2.0306933441374175,1.9137617011396586,1.848694452918849
PT,2022,636392000,295,3.0346986597943633,2.302165565496566,2.1255187488925205,1.9944482959525598,1.9301836077149215
PT,2023,667223000,315,3.2870374783577354,2.409948577520908,2.2129759437482086,2.060686956961306,1.9908281758199358
PT,2024,650425000,320,3.2047688664357814,2.386595600162925,2.1982619551705227,2.0477634031855363,1.9788477848328765
PW,2015,929000,161,15.086728158076,3.3435520550439732,4.2251100787667415,3.11753529834581,2.444693939458164
PW,2016,530000,23,3.245018656911191,1.7269150375015365,2.683248606904359,1.8907929331127917,1.5627668210113013
PW,2017,408000,9,2.3904486197370747,1.6038848421782865,2.4311359758335946,1.776689075323622,1.5004881665224306
PW,2018,581000,11,2.7358187794857662,1.7210470232541542,2.58658669192477,1.9000345523460227,1.5866708795403603
PW,2019,642000,14,3.151128581367218,1.9585447910132865,2.7506177394148432,2.112074270393298,1.767735654355495
PW,2020,621000,19,3.646921159194977,2.002196159057988,2.812843437583474,2.11514831734936,1.7574212845776134
PW,2021,547000,8,2.158311047782395,1.5726735171217576,2.306785053537313,1.7517454052011545,1.499270936206064
PW,2022,516000,6,1.9647929934768285,1.4612750263435195,2.1528363932533012,1.6138759114185108,1.3963521964995518
PW,2023,548000,8,2.3775192555251246,1.6008870598019043,2.407537298912045,1.770896274035619,1.4975302374788713
PW,2024,589000,12,2.5991844829942794,1.7024541533146522,2.5143953548467928,1.878843156668511,1.582851252658206
PY,2015,73690000,46,1.7078013170460096,1.2953546535246567,1.6091884146335351,1.3440946952674027,1.2362622209389766
PY,2016,117788000,257,1.7957689174309142,1.3254484358931615,1.6505307688629447,1.37238274598567,1.2575010310779655
PY,2017,109824000,49,1.8171398854738465,1.3371925962813698,1.6793197666561952,1.3879174160898873,1.2672197549899145
PY,2018,110712000,59,1.8942382875048027,1.3668914071267029,1.7183656298183143,1.4145092193325697,1.2867707352888011
PY,2019,108454000,58,1.880311788575453,1.3691124226602736,1.715162595128725,1.4147335153062672,1.2878946433826273
PY,2020,126172000,68,1.8493468736563057,1.3610773992279435,1.7219724663286107,1.4167928194794643,1.2883978899607769
PY,2021,102515000,67,1.9133916202893262,1.3999531722762366,1.7490150782461156,1.4502584382242347,1.3181751045447432
PY,2022,88746000,68,2.0761918885974042,1.4844232075923305,1.8345632671463445,1.5268870314758836,1.3820739458027866
PY,2023,99231000,300,3.969909290885438,1.9416407482221694,2.4610199283641947,1.9415401350644201,1.6893557128166963
PY,2024,87969000,215,2.3719471051638013,1.578416118422593,1.9428225081256991,1.6094148081594628,1.448663947018325
QA,2015,67367000,144,2.377777720826876,1.566616560817153,2.071865985462601,1.654142254895399,1.4657757544928414
QA,2016,101772000,160,2.5236288658437847,1.629347147320615,2.1532909271945964,1.716279589135282,1.5155691978258616
QA,2017,98192000,94,2.7231592997754,1.7525840243230413,2.2644193487311823,1.8252019665444459,1.6076139968192065
QA,2018,95600000,101,2.769577738477831,1.7887733862837725,2.291435581977269,1.8557256588999191,1.6347295421157837
QA,2019,92440000,135,2.770536129452384,1.8052346769571768,2.2616440861848264,1.8544104821195717,1.6480868461658642
QA,2020,106505000,143,2.6778438807912823,1.829551498986739,2.1948646035175927,1.8476484257660093,1.6692986159976735
QA,2021,94875000,89,2.5592209304996336,1.8053783475139078,2.1400515429470715,1.8186464321494837,1.6527468605330864
QA,2022,92249000,115,2.6149131804071786,1.7611939842611277,2.1807208149485366,1.8057367663495716,1.618454258453919
QA,2023,88399000,184,2.6427200119327687,1.7658257301633749,2.1849799772101277,1.808592556501611,1.6212528740056384
QA,2024,86868000,97,2.62719669206527,1.733848377808066,2.195005313478748,1.7933568792994117,1.5969643748575395
RO,2015,466806000,275,4.357031258738305,2.6022462742015313,2.506710231377231,2.1879309976915193,2.0392829227136366
RO,2016,772612000,281,4.598680670641024,2.716564011600997,2.5984996662064135,2.2558361775209077,2.096375232666627
RO,2017,770546000,285,4.554438639796813,2.795366886809031,2.6615442017315525,2.3195639289930745,2.1528842212591823
RO,2018,738526000,280,4.1469452311623645,2.754307305999391,2.584844998783216,2.282150239051502,2.13592337339682
RO,2019,732753000,285,3.437648529981789,2.478951302266607,2.3370704961910405,2.0944388418756406,1.9885711421912446
RO,2020,823108000,301,3.2261340545575408,2.3994240284391775,2.270909768287618,2.043821550314174,1.9490499320601302
RO,2021,846154000,294,3.155323683481322,2.3907109620152327,2.2592959920345277,2.03782103518972,1.9456808892806814
RO,2022,834103000,302,3.422831609512202,2.5055857939736055,2.3453242901937355,2.1068600343828208,2.0016252193024764
RO,2023,831980000,320,3.5286209717562973,2.4849865920857233,2.376625124786276,2.1087491971265195,1.9946211925032344
RO,2024,858533000,327,3.69411862857029,2.528991997746189,2.4625610804708757,2.148664116051776,2.019033805166677
RS,2015,280940000,214,3.9980815768730933,2.716574478343111,2.028711612299088,1.9106328150869623,1.8606413248958584
RS,2016,458903000,272,4.072577592921975,2.7940514538234438,2.0321366134183574,1.9174916233090362,1.8706905135005427
RS,2017,478481000,155,4.1984459934086695,2.91457261672162,2.0396769980582032,1.9341690975402341,1.8894444770273071
RS,2018,495813000,261,4.178018012053494,2.911975193879831,2.041632833136438,1.9331459987512574,1.8864721123286854
RS,2019,482918000,282,3.9935326681899195,2.7615172429268067,2.056564875572007,1.925433323836839,1.8725775338632937
RS,2020,558597000,295,3.720872475957793,2.6430015235282323,2.021561936554037,1.8877500247525405,1.8334703437600084
RS,2021,555812000,298,3.724455252779213,2.6304991067854075,2.033779695916982,1.9014495422397741,1.8506336488754815
RS,2022,574337000,156,3.6629191481673096,2.6316407797307635,2.0269167616317176,1.9014105053329062,1.8534994964358045
RS,2023,601352000,289,4.117390775198796,2.807308403991312,2.093331497640413,1.9496614189271992,1.8951245105906254
RS,2024,612766000,308,4.1596683216114325,2.828657599806498,2.0865317278427167,1.942322513741543,1.8866854698788116
RU,2015,5439444000,277,1.531273123513714,1.2111925738659164,1.4846763592271193,1.2563840631577181,1.1725161007827196
RU,2016,8547184000,281,1.4447150774200554,1.1736706112690056,1.4263626280958968,1.2168205916921067,1.1434525052859017
RU,2017,7658211000,285,1.533036698717423,1.2189524060368515,1.5008918019679058,1.267242578324264,1.1804540344137855
RU,2018,7012607000,290,1.721154139180975,1.3104758914402352,1.6315179763032588,1.3624289494708135,1.2531164771549246
RU,2019,6832368000,296,1.8855525017958148,1.33811735228737,1.7298573443397187,1.3994761692225106,1.2731697728115727
RU,2020,6703381000,303,1.7680066911863699,1.2790921419842642,1.6696033821635625,1.3418432219095193,1.2274250546456493
RU,2021,7146947000,312,2.1635558735713984,1.3572142250421475,1.8514248867287786,1.427961044409589,1.2814337845688353
RU,2022,7896373000,316,1.8342853039219391,1.2816448470617399,1.664106580675977,1.341964250274675,1.2273923036606977
RU,2023,3305157000,320,1.6051413366015606,1.2201363075564955,1.527112309512243,1.2700736395762304,1.1794164049976954
RW,2015,6335000,34,2.522166285954305,1.7802377330654688,2.0962471762468065,1.7577971159379702,1.5982335786211872
RW,2016,14532000,40,2.271883657637125,1.5900969526906248,1.9908736247186685,1.6264422222007038,1.4640742585617268
RW,2017,14269000,41,2.2769063770936513,1.5368461502235988,2.0208773607616983,1.602741456175661,1.426247031325705
RW,2018,14085000,45,2.230071816476991,1.5111876640937267,1.996870851217006,1.5797834141556182,1.4072706303055469
RW,2019,14571000,51,2.241105408758852,1.496630277458949,2.0130897096061586,1.5734348785608077,1.3968974530935192
RW,2020,13924000,68,2.3194904353117995,1.5045969425072236,2.051450572498857,1.5874211947494874,1.4035822934785407
RW,2021,15298000,73,2.186314101845077,1.4607458514181382,2.003947344840785,1.5481079594069063,1.3719613846981231
RW,2022,15628000,185,2.610584349773561,1.5008839281341246,2.185876682534565,1.609968980644217,1.398840294580346
RW,2023,6337000,51,2.209419160036724,1.4404698238994378,2.06499794226829,1.5515735464283844,1.359477775484013
RW,2024,16067000,56,2.5340508651775693,1.5710420583048736,2.2944466428238446,1.7060496971970014,1.4640822505297415
SA,2015,454582000,218,2.4371167766019752,2.0928464597665344,1.982287191221544,1.8952493357436464,1.8585678550417621
SA,2016,657760000,277,2.433070778109527,2.0352492636575112,1.9935229474608918,1.8763750839532685,1.817102293729971
SA,2017,654377000,266,2.477428315788086,1.9911469417034495,2.046472229580248,1.8771830216323604,1.7849791230411436
SA,2018,669939000,264,2.462019459501038,1.928770092021891,2.050783127494116,1.8514221874610575,1.7394292671153069
SA,2019,697737000,270,2.2593763324004446,1.8053739218827345,1.9445264589413285,1.7583088691483615,1.6484075428889575
SA,2020,887008000,287,2.125802016684627,1.7086265582496545,1.8769439410755548,1.6879818017280437,1.574788578348627
SA,2021,880672000,228,2.0471647818875978,1.6419524395976537,1.842155515591096,1.6413440178788554,1.5234503403526787
SA,2022,807281000,259,2.206213553374586,1.7540609247230547,1.9025769164851494,1.715289027600905,1.6036559549609328
SA,2023,357944000,196,2.2942877383183857,1.8074957505150049,1.9348685074310192,1.7486474717622995,1.6380349955442457
SB,2015,516000,11,1.8876610051548972,1.3100055105093285,2.005057209801753,1.435414579255392,1.26018731499107
SB,2016,1192000,11,1.807725607769353,1.268821160354697,1.8841753972554023,1.372597716544579,1.2228938125669635
SB,2017,1242000,12,1.6549493113760778,1.2146613184414552,1.787893616273782,1.3118789377784033,1.1825241042198524
SB,2018,1243000,11,1.673782194925743,1.2250616674106665,1.8267411906912712,1.3288763548457478,1.1921171024175232
SB,2019,1234000,13,1.7930033328243622,1.2581017218017778,1.9145244070139216,1.3724091838371146,1.2183904016716158
SB,2020,1288000,17,1.7284202461535851,1.2168323149934355,1.714950433228187,1.287250639491255,1.1727206707850542
SB,2021,1246000,12,1.4307264519102045,1.148069488361912,1.6214072800775736,1.2284491320023583,1.1306665772770783
SB,2022,1103000,11,1.5237259450493832,1.1744951281885436,1.7560938828869648,1.2722646785654816,1.1538880505780524
SB,2023,1181000,12,1.6158237055979283,1.2006919581175086,1.7541024743375568,1.29245062551494,1.1704695803791125
SB,2024,1169000,14,1.7421480380099028,1.2394537758344057,1.8803289207087064,1.3520235767878734,1.2052969416178652
SC,2015,1931000,43,3.161073363350814,1.6460260864843728,2.242990867867113,1.6869447106939746,1.4605633491865095
SC,2016,4480000,38,2.9295774432061377,1.5863581294530964,2.204889140586177,1.6497263588885447,1.428660561540837
SC,2017,4302000,79,4.6009177713486205,2.0804536636242443,2.6966217230111726,2.0454028033344933,1.7284695404129247
SC,2018,6478000,251,7.446120065703386,2.4365340256159547,3.162515699286623,2.350574501103199,1.9331612297389498
SC,2019,4660000,43,5.186744497294049,2.469355367660535,2.8573965641293144,2.283081968579307,1.9478792362181099
SC,2020,4395000,273,9.246547302858536,2.2193814855152754,3.5261015789021437,2.3609940840079853,1.8488700748127664
SC,2021,9267000,302,25.46558531222748,4.488020010469931,4.817750371769199,3.695056228652297,2.9207390303132676
SC,2022,61995000,292,4.178814305695674,1.7714603478279167,2.6591871776976737,1.8799911955581479,1.5662324843080466
SC,2023,11970000,302,20.04659055300283,4.463049434752485,4.754382353890478,3.7353619467733368,3.0081853871993536
SC,2024,32352000,333,21.10172995217283,5.485893587412218,4.965546029961306,4.101285755011417,3.3947486671846656
SD,2015,24206000,84,2.5338976220811857,2.0798957384216488,2.034382648500651,1.9062533570576743,1.8458719630332074
SD,2016,61876000,88,2.358280291577949,1.870180636538366,1.9717246663326655,1.7940633960234897,1.6918208870732774
SD,2017,62223000,75,2.3247042151237225,1.831768358506239,1.9702673358136729,1.7753351208090755,1.6626747820013075
SD,2018,58017000,73,2.358433119605116,1.835106652579871,2.004519770799363,1.7884682725307632,1.6661524765072857
SD,2019,48465000,77,2.29720526258637,1.787595712726314,1.9593758292630845,1.7504508966402381,1.6313065775541995
SD,2020,61197000,78,2.221083731241791,1.777622301531327,1.9154139779017645,1.7333028802097,1.6256666790664331
SD,2021,57603000,70,2.165683277985313,1.7416161423572092,1.8905572504061983,1.707702797055195,1.5983153584850012
SD,2022,60391000,77,2.2372774134620053,1.7506741450035475,1.920778325473102,1.717924867378566,1.6001275270127726
SD,2023,20701000,68,2.1793734377357468,1.7346629798219584,1.8826745771610491,1.6969946407327021,1.5853651391143966
SE,2015,1118054000,269,3.1360855952882716,2.284845060493573,1.952095409283221,1.6620183808188829,1.5683002642717951
SE,2016,1806348000,277,3.2111764043222135,2.31612159643925,1.9910685890879458,1.6818317508536698,1.5825246785743663
SE,2017,1755905000,285,3.2036992336797487,2.2855372964131453,1.9950485523607706,1.6776396841170487,1.575106542009202
SE,2018,1754041000,283,3.2002199217925638,2.276619338218034,1.983791463692707,1.672168021537448,1.5713071066389932
SE,2019,1755745000,290,3.0108592633022844,2.2138546152140073,1.9124761509901953,1.6329332275210233,1.5432802045257277
SE,2020,1807003000,301,2.8439504012753125,2.1723257488443686,1.8417195789383851,1.5958937466789753,1.520022406294853
SE,2021,1779618000,311,3.051812883598198,2.2229172043008707,1.919988500150666,1.630533386851173,1.543173470384918
SE,2022,1609004000,309,3.0816534341850153,2.294788180536068,1.9399306135192038,1.6601759472656124,1.5709121963639587
SE,2023,1582279000,323,3.214569018317078,2.3505803161911953,1.996778698321934,1.6932649078537836,1.5951718426971138
SE,2024,1544986000,340,3.226170506619464,2.3679535206280757,2.0317540854075675,1.71063405317996,1.6063259676460726
SG,2015,531140000,265,2.3575058005348146,1.407375091883387,2.2436685794853655,1.5677656428325109,1.343120983412879
SG,2016,740915000,272,1.9089452216026512,1.3389165786429045,2.025324123950029,1.484106134967759,1.2993283433667706
SG,2017,766031000,274,2.4891615585369644,1.5067445012767189,2.3596405337552366,1.689409523007574,1.4321619317507042
SG,2018,805993000,288,2.3441390066406824,1.4969604544186421,2.274955765274701,1.670388241105074,1.4318787397567467
SG,2019,999525000,290,2.1352076517322307,1.4331991283702674,2.141859345118909,1.5896426909944634,1.3792855365121146
SG,2020,1350259000,301,2.0459898443573934,1.3407621344793115,2.073991320350282,1.4907165231789148,1.298372633925819
SG,2021,1031958000,312,2.6722827552759028,1.636153571675729,2.4089425428546307,1.8087804563513852,1.5487042004096137
SG,2022,996193000,315,3.517866250112433,1.874965775327863,2.733845798201449,2.0530175724503734,1.7334332549512952
SG,2023,1026702000,326,4.246960636452939,1.9143078712344526,3.0314017184246196,2.1530846074065972,1.746009941261139
SG,2024,1210847000,340,5.481246215114164,2.264260364328231,3.2482742846710164,2.418349266265013,1.9839809318115382
SH,2015,5000,1,1,1,1,1,1
SH,2016,4000,1,1,1,1,1,1
SH,2017,31000,2,1.1531598469792317,1.0665926748057712,1.1900014186548364,1.0890018531802028,1.0568818293937894
SH,2018,88000,1,1,1,1,1,1
SH,2019,80000,4,1.525793265140364,1.2284069097888675,1.3921292300278036,1.224817528888617,1.1592671059877848
SH,2020,73000,12,5.140684921598095,2.923203510696653,2.655589599817035,2.2525073805911062,2.000449394577555
SH,2021,13000,2,1.7163572076839733,1.55045871559633,1.6740289689415284,1.542178818114013,1.4522910720314273
SH,2022,9000,1,1,1,1,1,1
SH,2023,74000,11,3.973169714469332,2.743486973947896,2.811908511994344,2.4026317598072233,2.1935264731645012
SH,2024,95000,8,3.627361825902347,2.6458516564057457,2.5403566009089165,2.220265385724383,2.0422643202235253
SI,2015,125273000,267,4.014830497165412,2.493484419312426,2.159522844059268,1.991540005722865,1.9016515980605253
SI,2016,188805000,193,3.4669370109304825,2.327354187001314,2.0547640767487314,1.9184914403692357,1.8403778680097223
SI,2017,190485000,247,3.646283247795493,2.4284831477015967,2.0878959632536294,1.956536634918252,1.88903623393526
SI,2018,182467000,123,3.4024005298509485,2.3804889832966296,2.027166332755192,1.9213465032074992,1.8635643569337004
SI,2019,182830000,187,3.3406120474088303,2.360579555998556,2.0211938427105935,1.9173440678208094,1.8624167681651687
SI,2020,204957000,208,3.1608964522792835,2.3206955870910626,1.9806433175039109,1.8930084452817904,1.849006085854168
SI,2021,202140000,245,3.150362785239194,2.2937752663206767,1.9895224851340656,1.8905770515709397,1.8420285272975554
SI,2022,200305000,128,3.1378049096378,2.27435313910724,1.9835310587458161,1.8829819649901467,1.829374394055789
SI,2023,210464000,203,3.309949090227389,2.3199780890626505,2.049976948186783,1.9178886686328247,1.8535629741559794
SI,2024,206156000,311,3.4150791752017775,2.3610417826210037,2.103315959934962,1.9462303521632045,1.8774117764474547
SK,2015,171722000,132,4.445677871188812,3.1537217352882645,2.4162379020833904,2.2005009221421794,2.102626705752343
SK,2016,285669000,270,4.804232897947123,3.246872198652864,2.5088123763940056,2.2511313208601194,2.1352804838659782
SK,2017,291117000,171,4.654692561050058,3.2413553346940036,2.457525549762461,2.2201933831408174,2.109287891505966
SK,2018,306713000,225,4.653791194250784,3.235340109240696,2.4409239404559986,2.2059798420246794,2.0971493210640615
SK,2019,316006000,212,4.5112151276946415,3.117840669359826,2.404374654375021,2.1668387022091724,2.050688179294375
SK,2020,359693000,179,3.987561097318212,2.8755861609601285,2.2837162424382274,2.0810216103107,1.9765355051768831
SK,2021,369037000,142,3.917957644676754,2.868404184953043,2.258221861105476,2.0679754756525157,1.9691509189257506
SK,2022,349476000,291,4.237086325649142,3.0602040349342374,2.2886148277479856,2.1077422511435966,2.0160467965865325
SK,2023,356778000,239,4.568153657761528,3.2078274238655116,2.36235575266807,2.1726290148638188,2.0817513927379543
SK,2024,352957000,281,4.6672033341487555,3.1903308334758904,2.4299473076358806,2.1993224065327017,2.0976802309732485
SL,2015,1468000,15,1.4719626087433533,1.1392875910494757,1.4424060785753674,1.1821134351989093,1.1118439967229048
SL,2016,4993000,21,1.3845421132038296,1.1060433013548585,1.3678162933600533,1.1441786885724166,1.0870122366829493
SL,2017,4883000,25,1.4908325170595926,1.1357650378057405,1.4531587380334652,1.1829925044421548,1.1109331425738036
SL,2018,5272000,27,1.522160279359808,1.1404059000468163,1.481848112782932,1.1901893661408862,1.1144889171796057
SL,2019,7712000,32,1.3844759337243422,1.101015423190371,1.343397536215926,1.1342211064712433,1.0813065270872266
SL,2020,7895000,35,1.3651251105060878,1.0950256139197123,1.34185237163364,1.1301092809522761,1.0777881614143732
SL,2021,8371000,34,1.3914694019946525,1.1037343265701576,1.390162958286754,1.1467614865841513,1.086918728029037
SL,2022,8231000,149,1.7406495083533975,1.163426029525406,1.5907923373516835,1.223167451998712,1.131713509274724
SL,2023,7262000,49,1.4798429903545551,1.1252121642108643,1.437408303316097,1.1722680988626701,1.1033751666720502
SL,2024,6476000,33,1.4714908747038273,1.1270681623661043,1.46247162358098,1.177056643090231,1.10515667138744
SM,2015,1543000,17,2.0316682775173276,1.4400787042945615,1.6931985698961294,1.4417383527483862,1.3248338315464996
SM,2016,2338000,18,2.10924752887783,1.4675244831542906,1.709110238342897,1.4616071763069183,1.3418686934933262
SM,2017,1971000,13,2.0412780873923277,1.4628119899011012,1.669846228351547,1.4507347605337158,1.3378609993463153
SM,2018,2073000,15,2.0321101031875743,1.4397024597026404,1.6918965348521615,1.4446460866529072,1.325546047254467
SM,2019,2229000,15,2.1238859435595154,1.475748984547298,1.7235793798361374,1.4711855793568622,1.3482991168067993
SM,2020,3611000,21,2.0117412292692016,1.4384465600859055,1.653434617271324,1.4350944602864635,1.3247398299906397
SM,2021,3334000,18,2.132647425592151,1.5127585238283952,1.7465117953855496,1.50331069621241,1.378638256950884
SM,2022,2888000,20,2.3632819386529613,1.6211385792599535,1.8564968740886767,1.589898101257512,1.450514890111851
SM,2023,2682000,21,2.4083835627697416,1.653410039080764,1.862356534146896,1.6044303668521631,1.4694957852252828
SM,2024,2632000,21,2.440195172732081,1.694787605492664,1.8653468260280275,1.6232418225933205,1.4940560300308714
SN,2015,23114000,52,2.415041120287706,1.6873095994351341,1.9631742782799315,1.6756007818740999,1.5257552009449589
SN,2016,37956000,76,2.2947937933953986,1.5743624044420619,1.9211544061238148,1.6009009049426848,1.4463211155882818
SN,2017,38562000,60,2.3817117936254113,1.583971945060846,1.976391823914488,1.6204120143092484,1.4499558234328487
SN,2018,38604000,83,2.561528117653097,1.6595449092995451,2.0489386731310337,1.6836361197382639,1.5022563976765364
SN,2019,46736000,273,3.106806749860407,1.775349892728733,2.189192819681853,1.7782387863449227,1.581197061490419
SN,2020,46336000,86,2.294000657697519,1.530326238891105,1.9263556986712222,1.573279028036673,1.4122583322144955
SN,2021,49477000,74,2.2244186957712198,1.5007150006499084,1.9093393637631662,1.5499533271795256,1.3902973982103024
SN,2022,44524000,95,2.4096341900519516,1.591543881270202,2.0003748050109302,1.6293677595666884,1.456968596753068
SN,2023,38705000,185,2.4686847646638435,1.6261236486197614,2.0557338699721335,1.6680164291710762,1.4889051321555262
SN,2024,38754000,87,2.3561977279680035,1.5962457169687263,2.003181265926342,1.6365434234569995,1.4663517336867598
SO,2015,4258000,27,2.4368304815690833,1.5527552969746972,2.415634910406266,1.7355496430849109,1.4672194990499838
SO,2016,10348000,34,2.392668971470706,1.5755728806622378,2.378923942428496,1.7534213987382372,1.4905007476149423
SO,2017,12396000,35,2.646547606230489,1.71043414274678,2.5001792426772753,1.8909529754800347,1.6010590214518041
SO,2018,15049000,46,2.6191153826297446,1.681563841208271,2.4801000284542716,1.861723104964763,1.5761581929369086
SO,2019,16792000,50,2.6572060228395147,1.7384876681373678,2.480563590061212,1.9086970516956578,1.6254711121585177
SO,2020,18263000,63,2.731238634583638,1.8187118894519583,2.512654142074642,1.9749099243653891,1.6913751533152928
SO,2021,19574000,64,2.7472682523441505,1.8105739245828192,2.525614652674308,1.9689185278991606,1.6826422519216808
SO,2022,20154000,63,3.1801086647908625,1.989166005437526,2.809901160312999,2.1664969526864275,1.8218353832076934
SO,2023,21338000,56,3.0095764869961084,2.0477565665213753,2.6173662622411684,2.1556807640437463,1.8766196352568603
SO,2024,21947000,62,3.1526945122452674,2.116295555171247,2.643357960293557,2.2059404528127926,1.933063483487158
SR,2015,8420000,28,2.579829324996505,2.098795342794199,1.7161968286113185,1.5287733986744654,1.4688697753522475
SR,2016,12801000,41,2.642875381077536,2.13093982586892,1.739257593483237,1.542779731762541,1.480442100220692
SR,2017,12708000,36,2.8691899499125255,2.259099753584187,1.8710594880994529,1.630080994218319,1.5447825964195168
SR,2018,13144000,38,2.9106279595862867,2.3365384344896727,1.88855662413333,1.65816410051271,1.5731927523633964
SR,2019,12001000,147,3.0929774392044984,2.269919626557064,1.903400195659433,1.6343138542440336,1.545057234066835
SR,2020,11870000,64,3.011131258556821,2.215550126438519,1.8890069300208694,1.619921276720744,1.5297062424475287
SR,2021,11332000,51,2.8250439522908084,2.1611842731951363,1.8320290358069315,1.5817963039987792,1.5023164622497156
SR,2022,9972000,34,2.64810911467668,2.100714702123793,1.7922979268350625,1.555961813679847,1.480877674052272
SR,2023,9245000,27,2.6314507337042605,2.090406674839965,1.7829026354084625,1.5522414806090847,1.477775221493157
SR,2024,8673000,33,2.646143926438922,2.076280848930572,1.7936924881877567,1.5538434434591646,1.4759786044967085
SS,2015,1089000,17,2.5777604678315473,1.5915091491032063,2.357856747235711,1.7289615673295322,1.4783802881094816
SS,2016,2743000,24,2.554725584460629,1.632241151863604,2.3032832101828253,1.7499141486901475,1.5162482364491259
SS,2017,2585000,22,2.2822096163484527,1.5193522165947597,2.1244066023182056,1.6282277529262912,1.4271439161629356
SS,2018,2473000,23,2.1899699787068436,1.4665788183157824,2.05305155110493,1.573843572300798,1.3848790303683078
SS,2019,3135000,26,2.0810800718565248,1.412763221388643,1.9918936517310277,1.520319261913682,1.3431892586498917
SS,2020,4073000,33,2.1763466307575716,1.4297794335965566,2.0184555628386196,1.5371207865979657,1.3543731319979067
SS,2021,4572000,31,2.1579460365664125,1.4164547729152228,2.037582596609829,1.532439033099513,1.3467084610767313
SS,2022,4199000,34,2.2546495155968262,1.4342945705206578,2.1176914909825895,1.560619274880014,1.3609553768998304
SS,2023,4399000,34,2.265596541667436,1.4384719722397343,2.0909944020493025,1.5604319445562154,1.3636331144886553
SS,2024,4761000,33,2.308019518299961,1.4652332017343281,2.1166005691252017,1.5861193392866215,1.384773433161636
ST,2015,412000,8,2.557459241558609,1.7194837820863471,2.0479041064245815,1.6837425009636244,1.5051125307012205
ST,2016,730000,11,2.732899327427567,1.7437370749456822,2.148519753193706,1.7246589847421383,1.5228254177222307
ST,2017,750000,13,2.9272543362754755,1.8359193957948472,2.225888629950934,1.8067241319835123,1.590677792627674
ST,2018,858000,11,3.0839960845847605,1.9104767342278048,2.337202773502134,1.891702277589622,1.6531873352873347
ST,2019,857000,16,2.8304218973665107,1.7582875077506477,2.1749836779774947,1.7491894077108758,1.5435542867014007
ST,2020,733000,17,3.4049759285655368,1.974637534684577,2.3437012763826144,1.9037253531292113,1.6738772425877393
ST,2021,570000,10,3.008556677882564,1.9993846153846149,2.2310886687668976,1.8812518690386277,1.6879132458902908
ST,2022,458000,10,3.7266821355506115,2.5494542891173824,2.4807729734439943,2.171337350669003,1.9892732103078736
ST,2023,435000,10,3.984505886966832,2.723171240663721,2.572472365347975,2.2631948726458933,2.0807285963315136
ST,2024,524000,14,4.296331445396424,2.849540256128189,2.6187492794836715,2.3221886942855328,2.1485670454809114
SV,2015,77797000,52,1.6361912036713966,1.3377329697205316,1.5949187412209345,1.3823045773461426,1.2793407344097243
SV,2016,128601000,66,1.5947778744992325,1.2962154846739737,1.5665497362784204,1.3457959720232604,1.2461897823951038
SV,2017,123246000,63,1.5952320504335904,1.2903201396198951,1.5663493530466899,1.3410574918118716,1.2412078675063303
SV,2018,116209000,66,1.6087783281931982,1.3002690702207302,1.5774342661729994,1.3511331588667035,1.2495002943712765
SV,2019,109809000,114,1.6241808232156274,1.3173592412426784,1.5880938346306424,1.3661393725771684,1.2634685170360782
SV,2020,117758000,70,1.6701272449123878,1.3335401595703897,1.6160649645246,1.383476534890729,1.2762750075900222
SV,2021,89674000,66,1.7336488382896693,1.3948682212658041,1.6552597558917326,1.4357125133692221,1.325209137101938
SV,2022,80060000,69,1.8125084572464312,1.4581654450191974,1.6984210143626286,1.487576664757128,1.374493658382923
SV,2023,75028000,63,1.890908722850553,1.492848053762499,1.742141104291732,1.5193820199251564,1.4006796318764896
SV,2024,72072000,115,1.924836077417466,1.5315807127854215,1.7509029759738912,1.5455659518146372,1.4307310595659986
SX,2015,1437000,16,2.1024167537993557,1.3955388043330608,1.8006057583365698,1.4258354013192194,1.28738663780082
SX,2016,2640000,19,2.1648735463432653,1.4119248658898271,1.8072711902608491,1.4328440013746466,1.2932059208821252
SX,2017,2308000,21,2.4994814586756955,1.5254094398537503,1.9735947385154862,1.5414194983936027,1.3691058212856437
SX,2018,2128000,18,2.3860398251358403,1.499473837923537,1.9622416834272993,1.5238801842094631,1.354053890210043
SX,2019,2205000,18,2.4032417666176684,1.492670082004331,1.946421931384729,1.5114752389649604,1.346046553029764
SX,2020,2049000,19,2.426099317982615,1.523140417013283,1.9343885376782932,1.5255959609443717,1.3622606164725675
SX,2021,1775000,17,2.385744904356534,1.5109845972490192,1.8959802865739361,1.4982495062375534,1.3444580127350652
SX,2022,1757000,22,2.7442365345480457,1.5995909630503984,2.1105221388432156,1.600216960692541,1.4067040659428283
SX,2023,1880000,25,2.7438836902326194,1.5894687799621894,2.094299849821788,1.5917728115185488,1.4007042813034738
SX,2024,1820000,26,2.5785355611594984,1.5240145941742926,2.072154137167202,1.555230763758292,1.3682761125272243
SY,2015,20177000,38,2.3695800617002756,1.8553894512455356,1.9691325197580456,1.779385770960595,1.6670810598138235
SY,2016,46151000,45,2.211534028370771,1.6739908077330683,1.9319594199451653,1.6753367339265604,1.5344314230814107
SY,2017,57344000,51,2.2887171022449295,1.6788943008164914,2.0349396847609946,1.710595045640045,1.5389260266856533
SY,2018,70918000,138,2.2248784030532134,1.5741056623944178,2.020288010899795,1.6430828825609354,1.4616675589784751
SY,2019,65067000,57,2.025099528266042,1.5153259234088416,1.8746317584157162,1.566444057477644,1.4167576868654645
SY,2020,64117000,66,2.0613645570811903,1.5191933905424473,1.8806798055977474,1.5694053680564781,1.4193947976445636
SY,2021,62594000,87,2.0946290142740134,1.5374456031939372,1.8916969195547284,1.582669064763232,1.431965244463532
SY,2022,47936000,153,2.205786306311944,1.6172533699833884,1.9172373840715042,1.6358058849962716,1.4896778850123635
SY,2023,20109000,60,2.19668950722959,1.5888866303876816,1.9368999880127844,1.6210466633752176,1.4662327608323937
SZ,2015,1187000,17,1.6609604082237455,1.1916108412754662,1.6186450013067617,1.2510870218391188,1.1523434315895467
SZ,2016,3139000,18,1.4838962343711006,1.1334331645336357,1.440958015880203,1.1739556714296215,1.1058686467380767
SZ,2017,3551000,22,1.5809357538125508,1.169661797497772,1.5545279911438528,1.226305193643088,1.1375656898668094
SZ,2018,3574000,20,1.6851001968061026,1.2164705479008497,1.6699038914439013,1.2877059082671791,1.1768414238005938
SZ,2019,3788000,22,1.4927929244461924,1.1362582376866073,1.480819971020979,1.183117434812988,1.1096481223698345
SZ,2020,3866000,28,1.4909204996586802,1.130816295000318,1.487835233477329,1.1800880679709518,1.1065427240288765
SZ,2021,3576000,16,1.3638043712380483,1.102674524064473,1.407387861252798,1.1474227588301316,1.0861934951025687
SZ,2022,2930000,25,1.5234809037409969,1.142264325571877,1.5528532284672225,1.2013365291425284,1.1178452011546318
SZ,2023,2835000,19,1.5323916681226448,1.151741944803055,1.5329361711495573,1.2073705163514303,1.1238814575003397
SZ,2024,2896000,18,1.5281070990660097,1.150720056199508,1.5442531738220815,1.2067375093267554,1.1227601715884115
TC,2015,1017000,12,1.7168067413184247,1.2407423180043307,1.6444521248879054,1.3086100183840008,1.1960144458245179
TC,2016,1832000,19,1.7867522764776795,1.2528487715361005,1.6887032738301906,1.3266747984511802,1.2061792147687278
TC,2017,1718000,16,1.9147958784761492,1.3009380429713773,1.7861147558597643,1.381460803025643,1.2425137358547667
TC,2018,1622000,15,1.800450388537994,1.2608134738068946,1.7114264224901208,1.3356499248224645,1.211719020466909
TC,2019,1674000,15,1.7407458956297335,1.239815665266813,1.6536739473477895,1.3084400155789535,1.1948037618299163
TC,2020,1711000,28,2.047764125066717,1.315135108666892,1.8071796651184011,1.3877080554544963,1.2474024683189067
TC,2021,1553000,13,1.6886973310427478,1.2264568506751898,1.6722451001383434,1.301585341219166,1.1870670127889356
TC,2022,1674000,17,1.8152840980241638,1.2579911832571673,1.784083045592556,1.3480741371640652,1.2136826830656688
TC,2023,1792000,13,1.6498141721210215,1.2111478293534563,1.6409685483506005,1.283245960640767,1.1750362425080896
TC,2024,1951000,15,1.692355180905492,1.2186141469206986,1.6864822987147774,1.2979356049469948,1.1821831150249857
TD,2015,962000,23,3.9151072490783974,2.5557267761373756,2.7567782441074304,2.335789492791069,2.077121377535416
TD,2016,3632000,19,3.141774372478143,2.3289935278977665,2.445841577750893,2.1554073650306895,1.9674584720647514
TD,2017,4437000,19,2.997381444552707,2.1587935694672185,2.402262564534835,2.067741232781075,1.8611815619989591
TD,2018,2028000,18,3.0470499415430754,2.0955814690527546,2.4914673716304283,2.0619338838824746,1.8195357399674852
TD,2019,3251000,22,3.0794093154577036,2.139291570495713,2.4823310284107785,2.0811115588595945,1.8491830380166185
TD,2020,3388000,23,3.1607873108558855,2.1250235115173117,2.529782306792678,2.08762070063954,1.840091534669625
TD,2021,4153000,19,2.9179651463467158,2.060207592617257,2.4333521759157644,2.024769415108056,1.7981355453067895
TD,2022,4795000,38,3.357135657358097,2.2672557330928553,2.619720865391731,2.1827153062049445,1.9361918209227877
TD,2023,4642000,23,3.0965158039380456,2.2160430090895336,2.4788528826648166,2.111459043542341,1.8988654544521297
TD,2024,4640000,24,3.3188612248435136,2.3411011926897998,2.5486982869611534,2.1883129917985302,1.9743229739509993
TF,2018,5000,3,2.8717458874925876,2.7777777777777772,2.4061573750526577,2.3550841306551242,2.3138456114061565
TF,2021,6000,3,2.7494592739972052,2.571428571428571,2.0328499504351942,1.9949833541662672,1.9580419580419581
TF,2022,2000,1,1,1,1,1,1
TF,2023,9000,3,2.336573541485641,1.975609756097561,2.014009535662767,1.830199189383279,1.7003368686212377
TG,2015,3611000,22,2.3060221303011956,1.6736859886062778,1.9755192785204811,1.6719633819059256,1.523981583938288
TG,2016,7054000,34,2.24473046192384,1.6221986552019232,1.9272966621457301,1.631726920679581,1.4862952578876083
TG,2017,8444000,35,2.3179098663700928,1.5906831092045233,1.9875987934617354,1.6300329832331353,1.462431911370832
TG,2018,9499000,43,2.4563730340001086,1.6698783693188481,2.026723759935735,1.6864345354119639,1.518411857367365
TG,2019,12481000,207,3.4189706052216895,1.8748760060201315,2.2864496698427184,1.857484045822652,1.6556231199494906
TG,2020,12238000,96,2.972676527395746,1.8232489882623393,2.1594888611633665,1.7978489246728613,1.6194006925595226
TG,2021,13529000,129,2.909291177850482,1.7638542116573113,2.156917323697799,1.7683681743744557,1.58372829418113
TG,2022,13589000,83,2.725415279122527,1.7805486644731887,2.09508147818254,1.7614264049156776,1.5969624558650803
TG,2023,11973000,197,3.029438629454549,1.8545772961910916,2.2003733223748148,1.8259945304426628,1.6487754973689914
TG,2024,10936000,55,2.4977579326186934,1.7294107936455783,2.029215187555902,1.7177042644884295,1.5646796093696944
TH,2015,587921000,250,2.6789099058245336,2.113541973661591,2.2301356807045756,1.9841847500391763,1.8782855778918202
TH,2016,934888000,270,2.6998264763329782,2.084693817423717,2.246569445068347,1.9777016734834085,1.8574733432039416
TH,2017,978556000,272,2.693373445560392,1.9886872434940852,2.290910668154365,1.9515840779365756,1.7905209703479874
TH,2018,1050091000,279,2.701904341560917,1.9857010431872997,2.2977434898719777,1.952534459268731,1.788516105564585
TH,2019,1084248000,281,2.6433441143259757,1.9301458644507798,2.260819007039072,1.9137365784522757,1.7482777757147776
TH,2020,970038000,301,2.596643262855607,1.971748781507398,2.214459131103603,1.9186513870988855,1.7798722639311662
TH,2021,1098812000,304,2.550767980283308,1.954525453361293,2.192930022732043,1.9037591424178875,1.7689064812645332
TH,2022,994439000,304,2.7520124258150047,2.1181759210538362,2.2804792185593468,2.0034036133114426,1.8841852478215995
TH,2023,420544000,236,3.002799270246143,2.2456399823682394,2.4147800131995196,2.1024747255073755,1.9706868399395854
TH,2024,993236000,323,3.1024940313341722,2.2955635950423594,2.4758527132251573,2.1443745643857928,2.0071170762567556
TJ,2015,10620000,53,2.6704853905616086,1.6420285129937213,2.1131265450736647,1.684747101873589,1.4878950720178568
TJ,2016,22597000,72,2.4559488870175605,1.6333848603343735,2.0470486346205847,1.6713029704743136,1.4897476263922518
TJ,2017,23931000,50,2.3329171499824928,1.5635675095541473,1.9997762607740381,1.6174485622282748,1.4378926327716248
TJ,2018,22763000,46,2.413762442035165,1.6293764541415345,2.044645208547158,1.6692175796594833,1.4841185006239235
TJ,2019,24275000,48,2.4857824444175023,1.6941130465638368,2.0853069613518147,1.719472503966125,1.5299684178341137
TJ,2020,24577000,300,4.262103282905948,1.9506094560119684,2.544940862562699,1.9690667393420278,1.6897563395613566
TJ,2021,35035000,300,9.427631788189828,2.8577138688562953,3.3292191321446403,2.595944258216681,2.168339653461108
TJ,2022,41332000,273,14.887918513497358,3.667032322189158,3.839183293600661,3.0343799351110383,2.5332978948529767
TJ,2023,37238000,258,7.835752438197053,3.011121964115344,3.149225229078404,2.591904300321939,2.265729702799947
TL,2015,1499000,19,4.535837415134377,3.25254000535576,2.921098993277187,2.6803445276782676,2.5333117546019417
TL,2016,3276000,23,4.734892203472157,3.5695437631128364,2.9654461434641437,2.7892106464135633,2.6906943828007694
TL,2017,3427000,26,5.313222694585197,3.8530087500611025,3.0930544925709453,2.9044080946313167,2.797036815297976
TL,2018,3030000,25,5.128810974642219,3.688791352199236,3.1195079099143523,2.8846319525893667,2.741396846475474
TL,2019,3713000,26,5.304238771902344,3.986496415690286,3.0628772796396544,2.920895296939066,2.841062770317956
TL,2020,3565000,58,5.927973087527699,4.217445293478753,3.1675947697437365,3.0064310932688265,2.915478447050758
TL,2021,3216000,43,5.901564544823945,4.169443969645857,3.1828817326896384,3.0088158135063052,2.906500937171318
TL,2022,2877000,32,5.56729342219793,3.8895789386130915,3.192500475830419,2.9558518753793463,2.8000941019875536
TL,2023,2676000,23,5.379024783447606,3.985050307185469,3.103106880496602,2.9286360188989438,2.814864183269088
TL,2024,3498000,30,5.549535323340651,3.997079610980662,3.1327403789390047,2.9452255500082485,2.8241470045171924
TM,2015,8367000,31,2.995836434903681,2.286600725442956,2.4306229565931052,2.1058159997439514,1.9576800277574202
TM,2016,13521000,38,2.9397865605731206,2.183638402192145,2.4216333268105297,2.066238142858248,1.8927481025924098
TM,2017,22050000,43,3.0373397768182775,2.382081240232696,2.4574304732763954,2.1508484995120947,2.0216570323316665
TM,2018,29940000,47,2.8027318840489084,2.2920836489346486,2.341309721767371,2.0634224727246173,1.9627394501913658
TM,2019,40631000,40,2.550500538183545,2.1037443085359153,2.2466080635874,1.9569812751059683,1.8415829465836469
TM,2020,22620000,37,2.8125853953491746,2.0261580512764295,2.4347265092647863,2.019438308472592,1.798763106857315
TM,2021,22671000,66,2.9728441975698123,2.028717865585535,2.5110878471333997,2.0625367455704215,1.8048248692972857
TM,2022,30337000,252,4.948988223916182,2.3505075451515505,2.936082100150782,2.342342229631559,1.9947913008536848
TM,2023,16420000,176,3.7685251529509483,2.2652081876111434,2.7068567558267067,2.247378315055391,1.9572158796588228
TN,2015,100741000,232,3.393969427630825,2.5408040291966487,2.4477462774220884,2.2426910768689727,2.0914407803316717
TN,2016,161733000,156,3.5459199725612405,2.766081549209011,2.51412056457929,2.344396993413078,2.2237439210639653
TN,2017,171801000,121,3.7432509619198067,2.9018481348423433,2.600626551852145,2.421489099630466,2.2934107069078915
TN,2018,159810000,147,3.8250881718359295,2.9613804989257533,2.6357702033751083,2.455434919202866,2.3212034691163934
TN,2019,152829000,152,3.588126384675651,2.8322106489929677,2.5312701494687566,2.3708605281416566,2.2563594184947044
TN,2020,156006000,145,3.5250380311894673,2.882576719793693,2.5017329517348754,2.3760344074563085,2.2923567700944574
TN,2021,164471000,175,3.4520161768809032,2.904884234871726,2.4791643162524197,2.375412586259848,2.306553864822453
TN,2022,173232000,115,3.613517364420637,3.0501953256835557,2.524158807861426,2.4369855589261644,2.381386568324217
TN,2023,203029000,110,3.8945359438929352,3.164502260956018,2.612073845711533,2.4980588728256494,2.433575058238033
TN,2024,155813000,159,3.9259149068715953,3.1758812469079944,2.605583296196486,2.501079768730073,2.4406361412245205
TO,2015,195000,8,2.0776252926598833,1.4204863835033061,2.0893566443972325,1.508852911263015,1.3200900365922723
TO,2016,540000,11,2.02643392323184,1.3709321021899181,2.1095122512118425,1.4969449659925758,1.301834600348987
TO,2017,543000,8,2.2734623896085226,1.5241376458364564,2.3141474400790116,1.664643919218638,1.4223866852117888
TO,2018,484000,8,1.9365930161181442,1.3475069602632246,2.049818657406728,1.4608133204486804,1.2798670070049716
TO,2019,652000,13,1.9641169361805406,1.318593513486687,1.9765080944243656,1.4212373163013596,1.2552287014990873
TO,2020,718000,16,2.2012710677607705,1.3725784636356855,2.048819717255132,1.4691495322548052,1.288441894705625
TO,2021,634000,8,1.6672925643696792,1.2426299648810406,1.8601938538932679,1.3438100188770732,1.2027073017528913
TO,2022,552000,8,1.6141374350564472,1.2209061913996762,1.8154317692495527,1.3172817549038536,1.1856093184705518
TO,2023,585000,9,1.8801189116011294,1.3113928028111261,2.0158334295088016,1.4314057357335588,1.257450211126128
TO,2024,570000,13,1.976613719986781,1.3271299843963174,2.0679866323959506,1.4533757089753974,1.2698469911052985
TR,2015,1265329000,267,2.302491492656156,1.7136076323880451,2.1204607012824255,1.7844228300461709,1.6101153385288727
TR,2016,2019744000,267,2.1165412506194645,1.5795927788581923,2.046274892970591,1.6797044695444596,1.5016125250171941
TR,2017,813659000,225,2.2125732784388514,1.6643322227755921,2.0955884040109014,1.748254623047904,1.5711887313043704
TR,2018,55263000,259,4.215515708017641,2.725669552897741,2.8230506827835575,2.487290183649049,2.3098393537903754
TR,2019,57424000,238,4.852679725282047,2.832382446181653,2.999477467072612,2.5830074380704837,2.364513591466681
TR,2020,1437082000,301,2.574306304742134,1.821320453779508,2.2692494017561815,1.8886638492121723,1.6920203924852426
TR,2021,1916418000,310,2.5434755158820486,1.7517529182444835,2.2674447022859856,1.8469428443397506,1.6361258134090815
TR,2022,1960858000,314,2.7380630518847924,1.862687671482614,2.385342607893199,1.9480809743108607,1.7226834570155092
TR,2023,962309000,302,2.6963574623126694,1.8063257779962356,2.404199312671423,1.9213364705110625,1.6784579557656443
TT,2015,33509000,32,1.127370541001556,1.031861750456718,1.1209179157256794,1.044433170703514,1.0265964059941644
TT,2016,50828000,38,1.1491004127256124,1.0376994285367205,1.1388907392452945,1.0522298749498376,1.0313974768574978
TT,2017,49170000,40,1.2894613369690737,1.094116826756933,1.294130462589716,1.126889382765579,1.0789582190602445
TT,2018,44775000,37,1.2968074349123735,1.0954611557559328,1.2983616228410095,1.129034484741622,1.0802036864836444
TT,2019,41083000,39,1.2862590740193114,1.0845835567892228,1.2729258053561814,1.1147882148449033,1.0706850377500956
TT,2020,49656000,84,1.3260186576312933,1.0811985708573884,1.2868365605843755,1.1117192173043433,1.067371925156244
TT,2021,44377000,61,1.2194514465680009,1.0557391177148638,1.2118889210389698,1.0791896337201983,1.0471440385693267
TT,2022,39817000,45,1.2524261033412516,1.067963819250004,1.266191728115943,1.097402145173075,1.0574363743684312
TT,2023,39075000,54,1.331747210835391,1.0853493984592992,1.287626458559121,1.114159357253542,1.069673220450082
TT,2024,36028000,59,1.2058383684311198,1.0513884812336214,1.1957042419980122,1.0723818482100935,1.0431095934535972
TV,2015,17000,2,1.4365013757341831,1.2620087336244543,1.661274731301103,1.359876634295069,1.2406571251159477
TV,2016,19000,3,1.5060022429136557,1.2405498281786942,1.8439241981501975,1.3661578446079545,1.2189533052858545
TV,2017,22000,3,1.822421430545617,1.4578313253012047,2.0194584524246184,1.5852396329151797,1.394322839787312
TV,2018,32000,2,1.8114543351456713,1.678688524590164,1.831208120168743,1.7027543621560184,1.6070474230883594
TV,2019,22000,4,3.0359150960723977,2.4444444444444438,2.4251411025951697,2.1150986819499846,1.9165072955591205
TV,2020,104000,11,6.0203173728341755,3.6442048517520225,3.0263547633083503,2.6040076239973367,2.3086352723291106
TV,2021,61000,3,1.6477803424236384,1.3868803578084232,1.8056980294183944,1.4933896193116347,1.3471799384130794
TV,2022,56000,3,1.6436423648595364,1.3790677220756375,1.8057490150109003,1.4866316828488613,1.339802317311151
TV,2023,44000,2,1.6066307960863546,1.4235294117647057,1.757468297265433,1.5146730174107956,1.3849996525236996
TV,2024,15000,3,1.8733068857244586,1.5100671140939594,2.083297832613197,1.654885529179716,1.451173390138112
TW,2015,1507941000,266,1.7782527525570138,1.3755217833802764,1.9438968380765669,1.5094628168106217,1.3366228742080757
TW,2016,2337245000,268,1.648458124570979,1.2955299580908788,1.8600234672014584,1.4209902714893237,1.2660312754024676
TW,2017,2512345000,274,1.615303579121345,1.2682990346755991,1.8379459300815792,1.3905619929314288,1.2420947967798015
TW,2018,2727412000,278,1.6395033368210454,1.2882318277286051,1.8557190921509914,1.413294457411557,1.2602630396066468
TW,2019,2551489000,290,1.6393548686241526,1.2732990089100216,1.8568173037757905,1.3983123608924848,1.246572220910467
TW,2020,2600997000,292,1.7233784565929395,1.2716988907214262,1.9187714082281688,1.404834537146665,1.2448597829893036
TW,2021,3541153000,299,1.613810610105622,1.2135914397285792,1.8265662101759952,1.3307806624844156,1.193207934360922
TW,2022,2720202000,315,1.664717976057075,1.2561802597644758,1.8807357556458315,1.3838547025832275,1.2314332187206052
TW,2023,2474555000,291,1.9500272920432666,1.3784731869027251,2.151165670195016,1.5467661305390297,1.339142166016606
TW,2024,2398955000,323,1.6434234620674157,1.2621634517708527,1.867799145571782,1.3884943560873386,1.2370578274930555
TZ,2015,26595000,61,1.7081703572765599,1.2227781089114684,1.6997468929462898,1.302447385189847,1.1849969808041625
TZ,2016,71151000,78,1.6936703407613554,1.236185196727345,1.7061290716874653,1.3214666360479708,1.1999629423663172
TZ,2017,70447000,79,1.9513105432697064,1.3497532122405684,1.8865732084747198,1.453500324089372,1.2936840688967688
TZ,2018,61235000,71,2.0237152968539824,1.3799704650474736,1.928850785191058,1.4856468458291607,1.3171399363419185
TZ,2019,65490000,77,2.080249887511873,1.447487606201108,1.9559259387924108,1.5480087683092054,1.3755798875201193
TZ,2020,64157000,78,2.034709046523709,1.4859046954158959,1.9393276572940645,1.5788782530748586,1.4142802282785076
TZ,2021,67661000,95,2.1294103124884933,1.5145940684170756,1.9939656111102428,1.6108733326396516,1.4357195313329973
TZ,2022,65050000,112,2.302037879754933,1.5910963466682233,2.09062037122235,1.6827163914007572,1.494645752610251
TZ,2023,65922000,81,2.3171639839350364,1.6176570480109134,2.0838812439226024,1.7006022572453874,1.5158738278345563
TZ,2024,67613000,89,2.4756514488124033,1.7283078718997877,2.154924789533382,1.7887197979393448,1.6037535489818218
UA,2015,1415135000,277,2.919306568934242,2.131241585395585,1.872565936567324,1.6423993100304448,1.5268981141073206
UA,2016,2206081000,281,3.1816377300392404,2.1773104568643737,1.9965734358147873,1.704838530236008,1.5649126136753364
UA,2017,2068263000,284,3.516122410648465,2.341634431412769,2.0530596891798454,1.7601388683444819,1.6167971462642092
UA,2018,2106213000,289,3.2061470686115783,2.385383024447123,2.010816596799141,1.7688514825440345,1.643118218092385
UA,2019,2195201000,292,3.2665212273061055,2.340772097429226,1.9568470895599235,1.7003996590019816,1.5775760441450783
UA,2020,2396521000,301,2.9819864133457124,2.2706145312571397,1.8552220397389072,1.6177863133982653,1.5160429275564522
UA,2021,2482303000,310,3.0693702180506013,2.287223217691943,1.8643080752182093,1.6230060608007664,1.5200077923813184
UA,2022,2368493000,315,2.9610445733769377,2.3548545419642015,1.8375054290225683,1.6195528393836964,1.5269191022868942
UA,2023,2294132000,325,3.0345995663589203,2.46462977548251,1.8638586505953727,1.653964301946324,1.560859859244286
UA,2024,2009855000,336,3.061685079073106,2.5058018771770776,1.8917215065538557,1.6814145093161614,1.585095355159569
UG,2015,19436000,51,1.4402126438312206,1.110372989441263,1.3862911194417866,1.1491509830139588,1.0899613005856843
UG,2016,45912000,66,1.3635510569358733,1.0919410800309313,1.3267324723852343,1.1252241889495227,1.0755333969860468
UG,2017,48846000,75,1.4116836403750492,1.1028833302539078,1.3664654600050847,1.140746081953087,1.0845541927529079
UG,2018,38937000,67,1.4356808912877852,1.11118221237297,1.3892473949718853,1.1506498257821256,1.0908382835533654
UG,2019,41866000,76,1.4220431732422205,1.1050694505767582,1.3762231802468503,1.1427263323178336,1.085646308589094
UG,2020,41501000,75,1.3952460096053898,1.095869222227484,1.375693218740401,1.1356775468552762,1.079856592245605
UG,2021,39138000,68,1.3863423818980363,1.0952702962239145,1.3736735961608395,1.1349068696847557,1.0793582643931627
UG,2022,43558000,84,1.4648269217232333,1.1129792417598925,1.4633407340751412,1.1627107295466383,1.094590102925378
UG,2023,43363000,69,1.435602196004605,1.1072841545369712,1.427232612970912,1.1535439676247417,1.0898273546130868
UG,2024,43503000,95,1.4714032626832687,1.1169776785913386,1.4693776710005007,1.1688691979314603,1.0983825645252656
UM,2017,25000,4,3.2917289290450795,2.8026905829596407,2.8498596524917197,2.609280644232448,2.4038406505479615
UM,2018,31000,4,3.23124679496343,2.8858858858858856,2.787260429726529,2.6098706667150338,2.492251720593484
UM,2019,20000,4,2.768290976923372,2.4390243902439024,2.5215052112570873,2.304567551774219,2.196375588069758
UM,2021,1000,1,1,1,1,1,1
UM,2022,3000,2,1.8898815748423097,1.7999999999999998,1.667927642891533,1.6234783422510106,1.5845070422535212
UM,2023,8000,1,1,1,1,1,1
UM,2024,12000,2,2,2,1.7812649101415468,1.7812649101415465,1.7812649101415468
US,2015,29965986000,277,1.8234451949507031,1.2088611163736895,1.7221171111875637,1.291112251503636,1.172973100267119
US,2016,41928803000,281,1.6425186545494468,1.165459639633424,1.601352309636016,1.2349524169834125,1.1388106261700863
US,2017,41634828000,285,1.7417752795167778,1.1889127870808254,1.6937997419423412,1.2710368013083475,1.1591341647249849
US,2018,41418174000,290,1.7591354409518962,1.192735354990197,1.701132358802345,1.2758533636999208,1.1621944239046698
US,2019,42096010000,296,1.8880148550669325,1.2241501689785963,1.775954474438284,1.3151974945808902,1.1869301015370526
US,2020,43326240000,303,1.6890452091783184,1.179745543955854,1.6608488252106983,1.2597781163114374,1.1527696173753907
US,2021,38131815000,312,1.6183354112784931,1.1675707918406004,1.6271072340163557,1.2428143752068768,1.142473918714396
US,2022,37280565000,316,1.7036981746238102,1.187163463790906,1.674037845184848,1.266985753162356,1.1578174295916261
US,2023,40052032000,326,1.8499692174475342,1.2130210646210928,1.7437420553936822,1.2990048668834906,1.1773192330186084
US,2024,40139544000,340,1.6107035854706317,1.161177636850832,1.629890656730496,1.237245978386458,1.1377508250794015
UY,2015,124564000,70,1.7140875696520186,1.353889673196689,1.6127813113457548,1.3925818154027936,1.2862213976393033
UY,2016,183853000,76,1.7500070590058785,1.38351877434944,1.6347667986688337,1.4181534201837922,1.3093040978429678
UY,2017,179685000,91,1.7864208793419496,1.3785796378600244,1.6520320244244333,1.4176410259942689,1.3042780891215133
UY,2018,168561000,82,1.794430976485026,1.3816033132271555,1.658119317197333,1.421146941844752,1.306487197905166
UY,2019,164127000,93,1.7582791753827562,1.3659085901473258,1.6337411203616206,1.4047094170574381,1.2945308304231433
UY,2020,172298000,96,1.783481522599378,1.3992168155172366,1.6535239394836103,1.4334311497607566,1.3222458086191977
UY,2021,156656000,80,1.7850646289011725,1.412257857525264,1.6575162419988378,1.4437256909702718,1.3330111286114372
UY,2022,149893000,80,1.9052503861389212,1.485817746165477,1.7216373120054496,1.506386790582864,1.3893901565738451
UY,2023,178850000,300,2.8689926204680436,1.7255886376457552,2.0997783184667953,1.7332270639869523,1.553591334208122
UY,2024,152864000,249,2.088336153604401,1.5193262555364027,1.7974553313556323,1.543282371451789,1.4129363622127886
UZ,2015,38527000,69,2.2073992743038366,1.547747663349026,2.0554614094819312,1.6333248478267244,1.443810997798568
UZ,2016,73274000,93,2.3357601471629748,1.6344713798248793,2.143282046112591,1.7199060630555871,1.5128741512686288
UZ,2017,81199000,77,2.5669488222135435,1.791991362946815,2.2660644255148226,1.8598287678747338,1.634386756889154
UZ,2018,92639000,88,2.7348803488388462,1.9353885710897398,2.332965928811314,1.9655526243812855,1.7411244479309913
UZ,2019,115770000,250,2.944926113477417,2.08317530027965,2.395318838959696,2.0652347652006653,1.850674639176906
UZ,2020,158800000,300,4.28578535732525,2.440067065601471,2.714829440903514,2.3200881020792785,2.0766679441590004
UZ,2021,235833000,310,9.083011955609624,3.6392125425689796,3.4722132127296526,2.981600462893223,2.677286483746588
UZ,2022,289250000,293,7.761782710791368,3.6623487756199,3.3130471124596874,2.939531826824037,2.730004975368075
UZ,2023,133773000,273,4.499830934987983,3.0307555889311577,2.7825095722180317,2.567071584471812,2.450779237349027
VA,2015,527000,16,4.786587648876533,2.9363521985980574,2.5021152527955475,2.21989216919433,2.0388058106794835
VA,2016,912000,18,5.045668865575344,2.9943838023098412,2.615684650934482,2.286339251793465,2.0805621844350255
VA,2017,865000,17,5.132971950947023,3.060613002057521,2.6468932043912687,2.3140166083355136,2.109981343271619
VA,2018,764000,16,5.1009998386143804,2.9591985723556133,2.6067378755352713,2.2686995689371616,2.0560668201638324
VA,2019,729000,19,5.3377227125067925,3.0353660835146754,2.676501265870395,2.3179291606451122,2.0955919836048054
VA,2020,627000,20,5.573690542840065,3.178623695210992,2.6449759470173175,2.3211164427098585,2.115053168295543
VA,2021,632000,16,4.888910604178764,2.835126770960506,2.558521558427056,2.2113875585183798,1.995865111781118
VA,2022,617000,15,5.2220368744753305,3.124371127251836,2.6138742419446506,2.3068236712549237,2.107994134195335
VA,2023,567000,16,5.318221773956188,3.2156295948068054,2.6738430818206034,2.3590778826143715,2.1527853713415412
VA,2024,579000,12,4.659564950511465,2.8920280540722403,2.5495079675611607,2.2261205568522033,2.0190899348535845
VC,2015,1427000,23,1.4251576798598768,1.1153939481578985,1.3886430102122145,1.1543848549894136,1.0938244382156315
VC,2016,2009000,14,1.391435225613912,1.1141383695646474,1.370922542703201,1.149413909200554,1.0917181498600836
VC,2017,2726000,16,1.4626834078200082,1.1427080257848639,1.4341819046705826,1.1853105780309126,1.1152154944460733
VC,2018,2483000,14,1.5260674382073354,1.1811647443544793,1.509343202041472,1.2327772250292515,1.1476763471910372
VC,2019,2185000,21,1.591686920662301,1.1825224288470357,1.5265119585082603,1.2323276807798609,1.1457328286248902
VC,2020,2313000,34,1.761341779658264,1.198808937206024,1.5863313444643028,1.2493143971012621,1.154718502784582
VC,2021,1833000,15,1.4089027472054,1.1196185306987219,1.3815546086779997,1.1556060128482162,1.0958266942606611
VC,2022,1840000,16,1.512607397379861,1.1491693504151892,1.5168487368098127,1.2039853077764848,1.1224422216691659
VC,2023,2078000,20,1.6691847020074062,1.1927763027195213,1.5574078798166457,1.2408702577491866,1.150375878191586
VC,2024,1799000,17,1.5522136789334067,1.159853609919605,1.5292960582971542,1.2141277950112708,1.1298039148609385
VE,2015,490840000,214,1.5036240164260382,1.2378888513293393,1.5034831506068473,1.2874926696412843,1.1985738550988358
VE,2016,751873000,113,1.4519069787637275,1.2061196755796142,1.4608896718113307,1.2531428501692026,1.1718446677010375
VE,2017,645711000,242,1.5494368156291705,1.2422029257300409,1.523066847567297,1.293052010146824,1.2003971678510927
VE,2018,509519000,92,1.5717307605414692,1.262126274876041,1.5522774913277788,1.3157984628854764,1.2174617208941876
VE,2019,416071000,143,1.4923500418991074,1.2247245569816378,1.4936542987390105,1.275110799368739,1.187716909068518
VE,2020,481281000,103,1.4731258099328792,1.214447315917647,1.47972965487934,1.263790987379879,1.1791777152290106
VE,2021,426352000,90,1.4956204186129216,1.2327485514648544,1.503683595375973,1.2837649082106086,1.1948117215861513
VE,2022,398462000,174,1.5661856498288922,1.2771795414423233,1.5526596864764601,1.3282293036160995,1.230883054431129
VE,2023,193732000,110,1.5713095238923553,1.2668287736468011,1.547173778957323,1.3173169899130146,1.2208444266235943
VG,2015,1266000,20,1.8372822989720012,1.2469781656127072,1.7742868252484774,1.32831120233258,1.1993772761375305
VG,2016,1780000,31,2.0233916532058553,1.2821685336967836,1.8433495748270552,1.3669972058156805,1.224613526537407
VG,2017,1731000,100,4.570747077275315,1.8428949153668313,2.8150386936994005,1.9874880551026262,1.63319676709866
VG,2018,681000,12,1.8493084528019554,1.296961476613298,1.7666200664443785,1.3610703464178284,1.2302357918633091
VG,2019,1156000,15,1.8651431661143933,1.2838126565934482,1.822555195133609,1.36698017772285,1.2269461724527317
VG,2020,1922000,22,3.4809985683934004,2.4716469599567503,2.609343371841398,2.322350038232938,2.164736055076674
VG,2021,931000,12,1.9598467735486258,1.358357297894514,1.8004648217933052,1.4253690906186105,1.282980260725432
VG,2022,1062000,19,2.427741549841521,1.468160718144446,2.156598110511467,1.578776060571022,1.3677323223310984
VG,2023,1337000,17,2.135137509699493,1.3615475723496546,1.9393903774863221,1.4553810723079017,1.2875209505946057
VG,2024,1241000,18,2.0624701035877666,1.3340329419509636,1.9748260620981246,1.4442100457906297,1.272854858414942
VI,2015,2805000,16,1.2708963841624807,1.0751272131897522,1.2413860044080227,1.0985035828684073,1.060815815563917
VI,2016,4357000,18,1.3144857920758497,1.0878130855495507,1.2805826251314811,1.1146664642681672,1.070810875289315
VI,2017,3270000,17,1.38453921612328,1.114321515349706,1.3564554880678004,1.1503119007622107,1.0930527166283805
VI,2018,2725000,20,1.4387311102102303,1.127278371815707,1.425253862047918,1.1719677028841708,1.10461994532354
VI,2019,3623000,146,2.0960751402188604,1.2345550693525102,1.7864427887274636,1.3154822418955343,1.187784680335457
VI,2020,4930000,106,1.5841960001197375,1.1354476681438812,1.4832074823710024,1.184538982112244,1.1097365862809456
VI,2021,3961000,13,1.2483164651547887,1.0716119550739782,1.2652587761379248,1.1012817977486824,1.0605427095499986
VI,2022,3441000,15,1.3172206536162345,1.0909793768125626,1.3313235279859912,1.1272755000319399,1.0761889307142152
VI,2023,3585000,19,1.3108596953093126,1.08711006255341,1.296597481542933,1.118443597962625,1.0720627521719386
VI,2024,3567000,20,1.3814404504077689,1.109386753212307,1.4309386421644814,1.1590952389024758,1.0931589386173044
VN,2015,540077000,277,2.5383187404376804,1.985346169714024,2.1826789961389963,1.9421121531125338,1.8256854893777412
VN,2016,726636000,278,2.481508624428485,1.8656072959241499,2.214622715605138,1.8930075476820907,1.7309533701829756
VN,2017,783400000,285,2.5544789879304592,1.8373918020508653,2.2825969077390615,1.8978797813593922,1.7087716347445452
VN,2018,875072000,288,2.561022672158744,1.8142919681401075,2.2901996181950017,1.8868716669414476,1.6904768583662293
VN,2019,970875000,293,2.4709045119040285,1.7502296297166915,2.2346807374898616,1.8336791904713627,1.6391267212735283
VN,2020,1046547000,301,2.285892789450557,1.684932318470379,2.133189726776424,1.767190926336528,1.5888045624918012
VN,2021,1157602000,300,2.1990294179786884,1.6652590941161567,2.089776854831221,1.744315132491867,1.5736716659987233
VN,2022,1001303000,316,2.5181981444394412,1.8466166062747538,2.23786768080019,1.8900668203991877,1.7170905504192806
VN,2023,438023000,318,2.52695731100099,1.8594941096272772,2.273478088089314,1.9069262111308534,1.7281458110315533
VU,2015,764000,12,2.223922248875625,1.541705845685729,2.104597277924545,1.6252504080525625,1.4313596209858062
VU,2016,1006000,13,2.4333012027517555,1.645688676698723,2.2080331089137277,1.71155357259599,1.5012252981782221
VU,2017,1197000,18,2.7842147379079574,1.758127669599725,2.375794561216304,1.8313634890533712,1.5848116518028033
VU,2018,1037000,14,2.5680315554972237,1.6981235462339062,2.312070165708301,1.777135968208933,1.5465129469243777
VU,2019,1604000,28,2.7102291208612703,1.6364390371732938,2.2669053805848,1.7180426453311068,1.4916470633800303
VU,2020,1635000,32,2.896127170900969,1.7035428542296636,2.251828915669373,1.7450658637170042,1.5256791237968357
VU,2021,1433000,24,2.3174502917093265,1.59773134161134,2.172508957441004,1.6804637536438862,1.4764619864248685
VU,2022,1373000,25,2.378741665514161,1.5668266077990205,2.210498978650913,1.6725971358809468,1.4550555197776336
VU,2023,1284000,20,2.3397316956379726,1.554643592664399,2.223723014556339,1.6697797518374482,1.448139852382321
VU,2024,1508000,22,2.7010713653605123,1.6656661231796481,2.502337187241691,1.8300339210486323,1.541464406080904
WF,2015,116000,3,1.4640567485251172,1.2512553468476846,1.4678843086218143,1.2882186228796575,1.2059402273675266
WF,2016,138000,3,1.4954759578024408,1.2625298329355608,1.4811691885333937,1.2973771229120825,1.2126448618470587
WF,2017,151000,3,1.659141344515104,1.3479751699674845,1.5654416963881292,1.3654359847159214,1.2666218349023906
WF,2018,155000,2,1.5045012564664493,1.3220161778462556,1.5229041267279755,1.3539200476439814,1.265776990378339
WF,2019,165000,2,1.5139813379491431,1.3308402991641004,1.5293536116682929,1.3614557020885525,1.2727420624171544
WF,2020,182000,3,1.4784945445228157,1.2719453190999155,1.4993277851541853,1.3128296154448948,1.2256743540111301
WF,2021,134000,2,1.4415714318139818,1.266290550070522,1.477279619032276,1.3042168669737577,1.2214136675397744
WF,2022,141000,2,1.4650850763942969,1.2865463016889922,1.4949191341535064,1.322719397949964,1.2376152435652088
WF,2023,118000,3,1.4840042187075317,1.2674312761696707,1.4839205260386357,1.3036953490851624,1.2189508792964683
WF,2024,100000,2,1.6022253181824069,1.4188422247446086,1.5846429817852252,1.4320991957738478,1.3413266180135568
WS,2015,369000,6,1.517729694651337,1.1959788843116759,1.6639130072020523,1.2692654644940784,1.1620775092503428
WS,2016,637000,8,1.5824829879500009,1.2040087236473156,1.692097177288787,1.2792787992377597,1.1674767613450703
WS,2017,588000,9,1.6902387442813427,1.242048238649835,1.8034120190617138,1.3315188481134101,1.1987295183446833
WS,2018,769000,12,1.7557052202174268,1.2505016927504602,1.8215103508891182,1.343182231602799,1.206078073573022
WS,2019,1149000,20,1.8150146096287034,1.2542702825953735,1.8511811196446268,1.3521359505987203,1.2100548601240062
WS,2020,1173000,16,1.929796515269792,1.2893504093617667,1.8672573759539233,1.3722227347248555,1.2271364556961257
WS,2021,1016000,9,1.6542215194981424,1.234998253245852,1.8564700551332554,1.3447905027723666,1.2017882445841213
WS,2022,934000,6,1.5304716604207347,1.1989269035505088,1.746536531250397,1.291429321803348,1.1703387695193588
WS,2023,905000,11,1.6314134676706618,1.2074760981578812,1.730762522777727,1.2923077250532051,1.1732430913399399
WS,2024,900000,15,1.7080163051393622,1.2265516635674782,1.791774727062024,1.3194897243113684,1.1893152075220046
XK,2015,2021000,34,5.831360514043903,3.108679387738482,3.0336043604295218,2.6175326827347476,2.330995695292713
XK,2016,5859000,37,5.893528066781193,3.338531669235639,2.784422290672906,2.463217188391015,2.2683575599696972
XK,2017,6375000,36,6.051382212849806,3.6121458491669647,2.8868652247772877,2.60868026520194,2.4261355069956902
XK,2018,5565000,35,6.048043099618026,3.885100148897023,2.902170892439728,2.70141831841183,2.563941208518726
XK,2019,5582000,41,5.4840214221938215,3.472843171303778,2.671058949557891,2.435886666326572,2.298957620866843
XK,2020,9172000,44,5.092383364487202,3.538910710442591,2.752411689522908,2.5881410779759664,2.4859816438174676
XK,2021,16271000,52,4.331251779488143,2.8374460218177044,2.693131783473397,2.435527976449292,2.265249408703122
XK,2022,20866000,55,3.697575609531948,2.470551111752085,2.522735890339004,2.239347855913615,2.0816840158569203
XK,2023,36770000,61,3.579264638421661,2.4105902884537365,2.498129716764332,2.206511087216222,2.0515442369866634
XK,2024,36638000,70,3.5268162691161278,2.343518853684619,2.4794107218110475,2.172916559381849,2.005745415320052
YE,2015,13228000,74,2.3739383533995384,1.8050536886437438,1.97649121149748,1.7573484774929806,1.634832098581536
YE,2016,29214000,43,2.0901092365346123,1.6127743837628268,1.8665022035762937,1.62439864336106,1.492693744178741
YE,2017,31641000,55,2.053891335020541,1.5479925039558107,1.856291501975033,1.5804107913692174,1.4404005423029302
YE,2018,31276000,55,2.0136726960987086,1.5110719567137263,1.8491082056998382,1.5579603868229386,1.4150190353749537
YE,2019,34502000,46,1.9542713524730388,1.488687263442783,1.8096822989791497,1.5339243861741643,1.3974831890142947
YE,2020,36453000,56,1.9048959198746915,1.4599602892964452,1.783379935205439,1.5093179804316164,1.376181988567731
YE,2021,43720000,67,1.835626468356982,1.415149808544236,1.7389609090554052,1.466214171950981,1.3386331030607128
YE,2022,44462000,87,1.9355874262024304,1.4487754648227829,1.7818636705019035,1.4946745633221918,1.3601751066822807
YE,2023,20827000,74,2.012648265915924,1.4570667282649368,1.8208894161297655,1.5081678425626779,1.3653570188807285
ZA,2015,339698000,267,1.530400603545638,1.1366193808142402,1.3770381476228513,1.158943505496258,1.1010058414673478
ZA,2016,571542000,263,1.3631287290363268,1.0955604418932512,1.2444199153230904,1.1016091160235608,1.0666148512537208
ZA,2017,550799000,275,1.5279208901631554,1.143364517070269,1.3610587649909522,1.1579035281826193,1.102737705682973
ZA,2018,568253000,279,1.6761580373970624,1.1918321064556383,1.5045413881698626,1.2244618889447272,1.1435587354935457
ZA,2019,585904000,289,1.5508105490706183,1.1381614982667816,1.3822830863686653,1.1553781875489924,1.0991639791783188
ZA,2020,760505000,300,1.414053334231113,1.1032302917576988,1.2810932935232051,1.1131421896332807,1.072765290439604
ZA,2021,873464000,309,1.3085047856672678,1.0823102042378172,1.2079779427380488,1.0858159111046404,1.0564751391614455
ZA,2022,732970000,282,1.3631884438171338,1.098005056423834,1.2494336609550447,1.1035038076348556,1.0678412637868395
ZA,2023,728315000,321,1.4698503561232346,1.1274907264442582,1.3274316246590903,1.1371533791285808,1.0891705385482697
ZA,2024,651861000,291,1.4405709548401382,1.1204249273375884,1.313330756741125,1.1293769390518358,1.0840716041006897
ZM,2015,10508000,40,1.4322572853861497,1.113876376922926,1.4156686301581112,1.1568682826779615,1.0935698052716138
ZM,2016,31551000,55,1.2969180230697748,1.0726159244019862,1.2783331889728655,1.1010682998832015,1.060066373048371
ZM,2017,30175000,69,1.3666545945938626,1.0949053277067267,1.3489166639498555,1.1320072555298855,1.0789340717696732
ZM,2018,30250000,54,1.3650570565935716,1.0977598612464892,1.3594968750013634,1.136449033732584,1.0815434014263081
ZM,2019,31997000,63,1.3108192670080627,1.0769506503953157,1.295853536264946,1.1072395910342419,1.063532298041
ZM,2020,30994000,152,1.3523141004550316,1.0794079619895536,1.319948338009037,1.112113676694986,1.0654721730171723
ZM,2021,30818000,151,1.4583783280850913,1.1023250594705347,1.4044708685031226,1.1434897910848776,1.0838329067763233
ZM,2022,28716000,158,1.3994950861011863,1.0923229653490751,1.3979009343278623,1.134115048936362,1.0771714281313676
ZM,2023,28682000,88,1.3865198427199634,1.090779475971403,1.3710876038150401,1.130254247353246,1.0758213987798684
ZM,2024,25781000,59,1.4751131750291817,1.1231066682778517,1.4958352210925694,1.179721409893792,1.104378867702945
ZW,2015,13119000,73,1.3012165808054126,1.07188338137948,1.2688343710825991,1.097886838642649,1.058407376480047
ZW,2016,31714000,38,1.2119341424347843,1.0531093535912297,1.2157164297443273,1.0752329143091537,1.044208276583133
ZW,2017,31363000,42,1.2921462023432984,1.0812582119114214,1.3088410818108063,1.1152127313608093,1.0684319083698628
ZW,2018,28112000,45,1.3259427438648608,1.0927141195420882,1.3395941745410211,1.1301250399439002,1.0779273526384103
ZW,2019,24517000,60,1.336425718797523,1.0870225865394536,1.346235945950554,1.1241128922371706,1.0726169369822676
ZW,2020,24015000,64,1.3243736708458145,1.0814292465768895,1.3549104488308568,1.120881342943292,1.0692885319732799
ZW,2021,25686000,59,1.3209432455193109,1.0853877847508826,1.3805817996029568,1.1293936131473326,1.073729633907632
ZW,2022,24475000,42,1.3321649653910843,1.09329870818887,1.4168004598653823,1.1417995925929088,1.0807305127935596
ZW,2023,23090000,49,1.3881302427798878,1.1071822390082846,1.4533491562379517,1.160463624691606,1.092282410039223
ZW,2024,21503000,41,1.346530885740176,1.0958490224629176,1.4238849642819915,1.1452927124491554,1.0828541665198848
